Representative no	Nterm	Family/annotation	E-value
PNP56936.1	unk	PNP_UDP_1	0.0013
PNP57730.1	unk	PNP_UDP_1	0.00057
PNP60593.1	unk	HET-S	0.13
PNP52544.1	unk	PNP_UDP_1	8e-07
PNP53200.1	unk	PNP_UDP_1	8.900000000000001e-06
PPJ58132.1	unk	Goodbye	3.1e-10
PPJ59952.1	unk	Patatin	0.0045
PPJ60506.1	unk	Goodbye	2.3e-28
PPQ65716.1	unk	ABC1	0.29
PNP79786.1	unk	Goodbye	2.2000000000000002e-23
PNP80119.1	unk	PNP_UDP_1	3.6000000000000003e-06
PNP85196.1	unk	PNP_UDP_1	0.00018
POR36002.1	unk	Helo_like_N	0.0013
PNS19328.1	unk	Goodbye	6.5e-15
POR32818.1	unk	Ses_B	0.019
POR34543.1	unk	PNP_UDP_1	0.28
PNP48539.1	unk	PNP_UDP_1	7.2000000000000005e-06
PMD32354.1	unk	HET	0.016
PMD42291.1	unk	DUF676	0.0012
PMD35113.1	unk	Goodbye	1.3999999999999999e-14
PMD19050.1	unk	HET	0.0018
PMD20659.1	unk	SesA	0.11
PMD28804.1	unk	HET	5.9e-07
PMD22325.1	unk	SesA	0.06
PMD23674.1	unk	PNP_UDP_1	2.9999999999999997e-05
PMD27600.1	unk	Ses_B	0.017
PNP40411.1	unk	PNP_UDP_1	0.0015
PNP40510.1	unk	PNP_UDP_1	6.4e-07
PNP42312.1	unk	PNP_UDP_1	1.5e-06
PNP46606.1	unk	Goodbye	5.7e-15
PNH48857.1	unk	PNP_UDP_1	7.5e-08
PNH61416.1	unk	PNP_UDP_1	7.5e-08
PPQ89298.1	unk	Goodbye	0.0037
PPQ89299.1	unk	Goodbye	0.031
PPQ87633.1	unk	Goodbye	0.018000000000000002
PPQ94460.1	unk	C2	0.013999999999999999
PPQ95352.1	unk	Goodbye	0.85
PPQ93771.1	unk	C2	0.011000000000000001
PPQ93035.1	unk	NACHT_N	0.069
PPQ72263.1	unk	C2	0.049
PPQ85939.1	unk	NACHT_N	0.034
PMD18352.1	unk	HET	0.027000000000000003
PMD18033.1	unk	HET	1.9e-05
PCD41069.1	unk	SesA	0.4
PCD42728.1	unk	PNP_UDP_1	0.0012
PCD44540.1	unk	PNP_UDP_1	0.098
PCD46675.1	unk	Goodbye	4.7e-13
PCG88151.1	unk	Ses_B	5.4000000000000005e-05
PCG89050.1	unk	PNP_UDP_1	0.0091
PCG91583.1	unk	PNP_UDP_1	0.003
PCG94078.1	unk	PNP_UDP_1	5.2e-07
PCG95916.1	unk	PNP_UDP_1	1.5e-06
PCG97775.1	unk	PNP_UDP_1	3.9e-05
PCG88332.1	unk	PNP_UDP_1	0.055
PCD26860.1	unk	Goodbye	4.2e-16
PCD27290.1	unk	Goodbye	4.5e-23
PCD28405.1	unk	PNP_UDP_1	1.4e-06
PCD28415.1	unk	CHAT	0.00082
PCD30326.1	unk	HeLo	7.6e-10
PCD34047.1	unk	Goodbye	9.4e-15
PCD34768.1	unk	Goodbye	3.5e-14
PGG94975.1	unk	PNP_UDP_1	8.499999999999999e-05
PGG94981.1	unk	PNP_UDP_1	0.00015
PGG95107.1	unk	PNP_UDP_1	7.099999999999999e-05
PGG95862.1	unk	PNP_UDP_1	2.1000000000000002e-06
PGG96037.1	unk	PNP_UDP_1	0.00045999999999999996
PGG99156.1	unk	PNP_UDP_1	3.2e-06
PCH00676.1	unk	PNP_UDP_1	0.003
PCH05437.1	unk	Goodbye	0.12
PCD24281.1	unk	Ses_B	0.026000000000000002
PBK81190.1	unk	Kinase-PolyVal	0.034
PBK81341.1	unk	NACHT_N	0.13
PBK81342.1	unk	NACHT_N	1.9e-05
PBK84337.1	unk	NACHT_N	0.0087
PCD20317.1	unk	PNP_UDP_1	5.3e-09
PCD20331.1	unk	Ses_B	0.03
PCD20333.1	unk	PNP_UDP_1	2.6e-08
PCD20779.1	unk	PNP_UDP_1	0.031
PBK88447.1	unk	Patatin	0.0031
PKK54178.1	unk	PNP_UDP_1	0.0005099999999999999
PKK54842.1	unk	PNP_UDP_1	9.3e-07
PKR95642.1	unk	HET	9.4e-06
PKS02732.1	unk	Goodbye	1.7e-13
PKK52229.1	unk	Peptidase_S10	0.13
PKK47698.1	unk	Goodbye	1.6000000000000002e-19
PKK49452.1	unk	PNP_UDP_1	3.6e-07
PKK49870.1	unk	PNP_UDP_1	0.26
PKK51110.1	unk	NACHT_N	0.0067
PKK51856.1	unk	Goodbye	7.200000000000001e-16
PKK48481.1	unk	PNP_UDP_1	1.9e-07
PMB73858.1	unk	PNP_UDP_1	0.00015
PMD13580.1	unk	Ses_B	0.17
PMD15358.1	unk	HET	1e-07
PMD15935.1	unk	Helo_like_N	0.021
PKS12614.1	unk	Goodbye	2.7e-16
PLN78804.1	unk	PNP_UDP_1	2.2e-06
PLN79522.1	unk	PNP_UDP_1	0.32
PLN82863.1	unk	PNP_UDP_1	4.2e-08
PLN86801.1	unk	PNP_UDP_1	0.00018
PLN86860.1	unk	Goodbye	3.9999999999999995e-15
PMB63820.1	unk	PNP_UDP_1	0.068
PMB64123.1	unk	Goodbye	3.5e-29
PMB64281.1	unk	PNP_UDP_1	0.13
PLN80713.1	unk	Goodbye	2.9e-19
PKK43608.1	unk	PNP_UDP_1	0.0006900000000000001
PGH29704.1	unk	PNP_UDP_1	0.01
PGH33495.1	unk	Patatin	0.29
PGH33564.1	unk	PNP_UDP_1	1.9e-07
PHH49543.1	unk	Patatin	1.9e-05
PHH49546.1	unk	Patatin	0.00011999999999999999
PHH50467.1	unk	Patatin	7.7e-05
PHH51864.1	unk	Patatin	0.057
PHH51899.1	unk	Patatin	1.7e-05
PHH53425.1	unk	Patatin	0.037000000000000005
PHH54943.1	unk	Patatin	0.054000000000000006
PHH54974.1	unk	Patatin	0.019
PHH55068.1	unk	Goodbye	1e-05
PGH06950.1	unk	Ses_B	0.00015
PGH09567.1	unk	PNP_UDP_1	2e-07
PGH11683.1	unk	PNP_UDP_1	0.24
PGH14636.1	unk	PNP_UDP_1	3e-06
PGH23562.1	unk	SesA	0.07400000000000001
PIG85740.1	unk	PNP_UDP_1	0.013000000000000001
PIG87011.1	unk	PNP_UDP_1	0.016
PIG88832.1	unk	PNP_UDP_1	0.00085
PIG89904.1	unk	PNP_UDP_1	7.8e-07
PIL29476.1	unk	SesA	0.022000000000000002
PIG81970.1	unk	NACHT_N	2.1000000000000002e-06
PIG81541.1	unk	PNP_UDP_1	1.3e-06
PHH76533.1	unk	NACHT_N	0.0006799999999999999
PHH77436.1	unk	PNP_UDP_1	1.4e-06
PHH89663.1	unk	PNP_UDP_1	1.3e-06
PIG80286.1	unk	PNP_UDP_1	5.5e-08
PIG69509.1	unk	PNP_UDP_1	0.0015
PIG69472.1	unk	PNP_UDP_1	8.4e-07
PGH05123.1	unk	PNP_UDP_1	4.9000000000000005e-06
PPQ96533.1	unk	Goodbye	0.27
PWO05977.1	unk	Ses_B	0.09699999999999999
PWO05980.1	unk	Ses_B	0.0034
PWO08837.1	unk	HET	2.8999999999999998e-08
PWO14641.1	unk	HET	1.3
PWO20497.1	unk	PNP_UDP_1	2.5e-06
PWO20778.1	unk	Ses_B	0.09699999999999999
PVI06673.1	unk	NACHT_sigma	0.001
PVI00627.1	unk	Goodbye	2.4e-09
PVH71314.1	unk	HET	0.0023
PVH79292.1	unk	SAT	0.25
PVH81398.1	unk	PNP_UDP_1	8.1e-08
PVH71050.1	unk	HET	8.1e-05
PVH68927.1	unk	HET	0.038
PVH69381.1	unk	PNP_UDP_1	8.9e-07
PVH70364.1	unk	HET	0.013000000000000001
PVH92326.1	unk	PNP_UDP_1	9.8e-08
PVH94219.1	unk	PNP_UDP_1	9.1e-05
PVH98812.1	unk	PNP_UDP_1	6.2e-14
PVH90366.1	unk	PNP_UDP_1	3.1e-07
PZD22323.1	unk	HET	0.015
PZD24293.1	unk	PNP_UDP_1	2.5e-06
PZD39325.1	unk	PNP_UDP_1	2.5e-06
RAK71277.1	unk	Ses_B	7.2999999999999996e-06
RAK72163.1	unk	PNP_UDP_1	1.2e-05
RAK72848.1	unk	Ses_B	0.0042
PZD14860.1	unk	HET	2.8999999999999998e-08
PZC90497.1	unk	PNP_UDP_1	2.5e-06
PZC90613.1	unk	PNP_UDP_1	0.0023
PZC93225.1	unk	PNP_UDP_1	2.5e-06
PZC94556.1	unk	Ses_B	0.09699999999999999
PZC94696.1	unk	HET	2.8999999999999998e-08
PZC95783.1	unk	PNP_UDP_1	2.6000000000000002e-05
PZC98469.1	unk	Goodbye	5.6e-22
PZC98630.1	unk	Ses_B	0.0034
PZC98633.1	unk	Ses_B	0.073
PZC99647.1	unk	HET	1.3
RAO68470.1	unk	PNP_UDP_1	0.046
RAO71649.1	unk	PNP_UDP_1	1.2e-05
RAQ40897.1	unk	NACHT_N	3e-07
RAQ43261.1	unk	PNP_UDP_1	5.6e-07
RAQ51299.1	unk	PNP_UDP_1	2e-07
RAO68141.1	unk	Patatin	0.2
RAO67869.1	unk	PNP_UDP_1	2e-06
RAK74659.1	unk	Ses_B	0.0011
RAK75336.1	unk	Goodbye	4.4999999999999996e-36
RAK80020.1	unk	Goodbye	4.6e-31
RAO67991.1	unk	PNP_UDP_1	1e-07
RAK81387.1	unk	Ses_B	2.1e-05
RAL59121.1	unk	SesA	0.027999999999999997
RAO66282.1	unk	PNP_UDP_1	3.2e-11
PYH92485.1	unk	Ses_B	0.015
PYH93536.1	unk	Goodbye	4e-26
PYH96006.1	unk	PNP_UDP_1	0.048
PYI00247.1	unk	PNP_UDP_1	8.1e-08
PYI00655.1	unk	PNP_UDP_1	6.8e-10
PYI02494.1	unk	Goodbye	9.5e-07
PYH97534.1	unk	Ses_B	0.35
PYH89489.1	unk	Ses_B	8.2e-05
PYI32269.1	unk	Ses_B	0.0011
PYI33509.1	unk	Ses_B	0.0075
PYI26896.1	unk	Ses_B	4e-06
PYI33535.1	unk	Ses_B	0.00044
PYI35544.1	unk	Ses_B	0.0011
PYI35691.1	unk	SesA	0.24
PYI12806.1	unk	PNP_UDP_1	2.7e-08
PYI13145.1	unk	PNP_UDP_1	4.2e-08
PYI14033.1	unk	Ses_B	0.0054
PYI17232.1	unk	PNP_UDP_1	0.00045999999999999996
PYI23436.1	unk	Ses_B	0.0092
PYI22787.1	unk	Ses_B	0.055999999999999994
PYI18672.1	unk	Ses_B	0.046
PSN61523.1	unk	KIND	0.094
PSN62772.1	unk	Ses_B	0.27
PSN58826.1	unk	Ses_B	0.24
PSN58997.1	unk	HET	0.079
PSN59120.1	unk	PNP_UDP_1	4.4e-14
PTD05450.1	unk	PNP_UDP_1	0.084
PTD07968.1	unk	Goodbye	4.8e-22
PTB81794.1	unk	PNP_UDP_1	1.2e-05
PSR80786.1	unk	C2	7.2000000000000005e-06
PTB73692.1	unk	Goodbye	4.1e-15
PTB73794.1	unk	PNP_UDP_1	0.012
PTB75278.1	unk	PNP_UDP_1	0.0005099999999999999
PQE05542.1	unk	PNP_UDP_1	7.7e-05
PPR04700.1	unk	Goodbye	0.73
PQK08552.1	unk	NACHT_N	0.033
PQK08708.1	unk	PNP_UDP_1	0.0007700000000000001
PQK15827.1	unk	PNP_UDP_1	9.7e-05
PQK16766.1	unk	Ses_B	0.0043
PSK35094.1	unk	PNP_UDP_1	0.0014
PSK41866.1	unk	PNP_UDP_1	9e-08
PSK48671.1	unk	Goodbye	1.7e-14
PQE31108.1	unk	Ses_B	0.0005
PQE14662.1	unk	PNP_UDP_1	8.4e-07
PQE15611.1	unk	PNP_UDP_1	1.6e-06
PQE18243.1	unk	Ses_B	0.01
PQE22429.1	unk	PNP_UDP_1	4.1e-05
PQE30879.1	unk	Ses_B	4.5e-05
PQE30876.1	unk	Ses_B	0.00015
PQE30100.1	unk	PNP_UDP_1	4.9e-05
PQE28655.1	unk	Ses_B	0.00043
PQE26803.1	unk	PNP_UDP_1	1.5e-07
PQE25066.1	unk	PNP_UDP_1	1.9e-07
PVF94750.1	unk	Patatin	6e-08
PVF95076.1	unk	Patatin	2.7999999999999996e-10
PVF95188.1	unk	Patatin	0.0009400000000000001
PVF95584.1	unk	Patatin	3.7e-05
PVF95715.1	unk	Patatin	8.7e-11
PVF95966.1	unk	Patatin	1.1e-05
PVF96828.1	unk	SesA	0.021
PVF99221.1	unk	Patatin	0.21
PVF93434.1	unk	Patatin	8.6e-12
PVF93948.1	unk	Patatin	9.499999999999999e-05
PVF93958.1	unk	Patatin	9.4e-05
PVF94148.1	unk	Patatin	0.00016
PVF94410.1	unk	Patatin	0.027000000000000003
PVF94411.1	unk	Patatin	0.019
PVF94427.1	unk	Patatin	0.027000000000000003
PVF94461.1	unk	Patatin	2.8999999999999997e-05
PVF94462.1	unk	Patatin	2.2e-05
PVF94463.1	unk	Patatin	1.9e-05
PVG02886.1	unk	Patatin	6.4e-06
PVG02910.1	unk	Patatin	9.4e-05
PVG04274.1	unk	Patatin	0.013999999999999999
PVG04275.1	unk	Patatin	0.013999999999999999
PVH67421.1	unk	HET	0.17
PVG01713.1	unk	SesA	0.16
PVG01559.1	unk	Patatin	1.6e-05
PVF99685.1	unk	Patatin	0.0073
PVF99820.1	unk	Patatin	0.00073
PVF99825.1	unk	Patatin	2.8e-08
PVG00686.1	unk	Patatin	0.0038
PVG00689.1	unk	Patatin	0.00026000000000000003
PVG01072.1	unk	Patatin	3.5e-07
PVG01505.1	unk	Patatin	0.013999999999999999
PVF90983.1	unk	Patatin	0.00014
PVF91230.1	unk	Patatin	0.036000000000000004
PUU82408.1	unk	CHAT	2.6000000000000002e-05
PVF92431.1	unk	Patatin	0.00055
PVF92777.1	unk	Patatin	6.6e-05
PVF91497.1	unk	Patatin	0.00054
PVF91616.1	unk	Patatin	0.0004
PVF91619.1	unk	Patatin	9.7e-05
PVF92035.1	unk	Patatin	5.9e-07
PVF92033.1	unk	Patatin	0.00014
OBS20439.1	unk	Goodbye	1.4e-06
OBS23125.1	unk	Goodbye	1.5e-22
OBS23225.1	unk	HET-S	1.4000000000000001e-05
OBS23363.1	unk	PNP_UDP_1	0.0093
OBT54124.1	unk	Goodbye	1.5e-10
OBT61032.1	unk	Ses_B	0.065
OBT61186.1	unk	Goodbye	6.8e-22
OBT51626.1	unk	DUF676	0.013000000000000001
OBS29612.1	unk	PNP_UDP_1	1.2e-07
OBT39090.1	unk	Goodbye	1.6999999999999997e-23
OBT40026.1	unk	DUF676	0.055999999999999994
OBT41614.1	unk	PNP_UDP_1	2.8e-07
OBT45448.1	unk	PNP_UDP_1	1.6e-07
OBT48579.1	unk	Goodbye	2.7000000000000002e-12
OBT51243.1	unk	PNP_UDP_1	1.9e-12
OAL54609.1	unk	HET	0.068
OAL70008.1	unk	NACHT_sigma	9.2e-05
OAQ98538.1	unk	PNP_UDP_1	0.012
OAQ98794.1	unk	PNP_UDP_1	0.00033
OAR01858.1	unk	PNP_UDP_1	0.015
OAQ76217.1	unk	SesA	0.12
OAQ63858.1	unk	PNP_UDP_1	4.0999999999999997e-08
OCK87148.1	unk	PNP_UDP_1	5.5e-12
OCK88365.1	unk	PNP_UDP_1	0.0016
OCK90639.1	unk	HeLo	0.13
OCK91026.1	unk	PNP_UDP_1	9.4e-10
OCK75990.1	unk	DUF676	0.013999999999999999
OCK76289.1	unk	PNP_UDP_1	0.0008300000000000001
OCK80014.1	unk	PNP_UDP_1	9.2e-07
OCK85164.1	unk	Ses_B	0.00033
OCK96816.1	unk	PNP_UDP_1	1.3e-06
OCK97189.1	unk	Ses_B	0.011000000000000001
OCK97195.1	unk	Ses_B	0.0021
OCK96369.1	unk	PNP_UDP_1	3.1e-06
OCK97672.1	unk	PNP_UDP_1	9.6e-07
OCK97991.1	unk	PNP_UDP_1	0.027000000000000003
OCK99232.1	unk	Patatin	0.00013000000000000002
OCK99664.1	unk	PNP_UDP_1	2e-12
OCK91732.1	unk	NACHT_sigma	0.048
OCK91805.1	unk	Ses_B	0.009000000000000001
OBZ66774.1	unk	Helo_like_N	0.034
OBZ75608.1	unk	Helo_like_N	0.077
OCB90484.1	unk	C2	0.0038
OCB91509.1	unk	C2	0.001
OBT75901.1	unk	Ses_B	0.0054
OBT77456.1	unk	Goodbye	2.3999999999999997e-19
OBT78714.1	unk	Goodbye	6.7e-14
OBT88509.1	unk	Goodbye	2.6000000000000002e-20
OBZ65626.1	unk	SesA	0.83
OBT98528.2	unk	Goodbye	2.1000000000000002e-20
OCH94638.1	unk	Helo_like_N	0.25
OCK73467.1	unk	Ses_B	0.011000000000000001
OCK73567.1	unk	Goodbye	8.7e-15
OCH84261.1	unk	Helo_like_N	0.13
OCH85419.1	unk	SesA	0.53
OCH87488.1	unk	Helo_like_N	0.2
OCH91393.1	unk	Helo_like_N	0.48
OCH91367.1	unk	Helo_like_N	0.19
OCH91364.1	unk	Helo_like_N	0.12
OCH89543.1	unk	Helo_like_N	0.084
KZT34839.1	unk	C2	5e-05
KZT38410.1	unk	C2	0.00039
KZT39327.1	unk	C2	0.08900000000000001
KZT39376.1	unk	C2	2.1e-05
KZT39379.1	unk	C2	0.024
KZT39381.1	unk	C2	0.0011
KZT34382.1	unk	C2	0.00033999999999999997
KZT05212.1	unk	Helo_like_N	0.027000000000000003
KZT05238.1	unk	SesA	0.15
KZT20556.1	unk	Goodbye	0.021
KZT42378.1	unk	C2	0.0044
KZS96687.1	unk	C2	0.0036
KZP31011.1	unk	C2	0.25
KZP31458.1	unk	Goodbye	0.0099
KZP32119.1	unk	Goodbye	0.79
KZP32285.1	unk	C2	0.00066
KZP31356.1	unk	C2	0.00014
KZP29076.1	unk	Peptidase_S10	0.55
KZS92492.1	unk	C2	0.00028
KZS95529.1	unk	C2	0.00036
KZS91415.1	unk	C2	5.2000000000000004e-05
KZS89207.1	unk	C2	0.0074
KZS88480.1	unk	C2	0.00035
KZS88518.1	unk	C2	0.00093
KZZ87064.1	unk	PNP_UDP_1	2.9e-07
KZZ88371.1	unk	PNP_UDP_1	1.2e-07
KZZ93756.1	unk	HET	0.12
OAA37409.1	unk	DUF676	8.7e-05
OAA44086.1	unk	PNP_UDP_1	4.9000000000000005e-06
OAA47074.1	unk	PNP_UDP_1	0.051
OAA65130.1	unk	PNP_UDP_1	1.9e-09
OAL31853.1	unk	DUF676	0.0009
OAL43480.1	unk	Goodbye	5e-17
OAL43741.1	unk	PNP_UDP_1	5.6e-11
OAL44467.1	unk	Helo_like_N	0.024
OAA75750.1	unk	PNP_UDP_1	0.048
OAA75950.1	unk	PNP_UDP_1	1.4e-08
OAK96881.1	unk	Goodbye	1.1e-12
OAK97810.1	unk	Goodbye	6.500000000000001e-29
KZV67341.1	unk	C2	0.0013
KZV72459.1	unk	Goodbye	6.7000000000000006e-18
KZV72767.1	unk	Goodbye	1.4e-07
KZV73950.1	unk	Goodbye	1.3e-08
KZV63938.1	unk	SesA	0.033
KZV60178.1	unk	Goodbye	1.5e-09
KZV60934.1	unk	SesA	0.055
KZV61282.1	unk	Goodbye	0.0012
KZV62474.1	unk	Goodbye	4.5999999999999996e-11
KZV62707.1	unk	Goodbye	2.5e-08
KZV62972.1	unk	Acyl_transf_1	0.24
KZV63220.1	unk	Goodbye	1.5e-07
KZV76440.1	unk	Goodbye	5.3e-09
KZV77333.1	unk	C2	0.005
KZV77396.1	unk	Goodbye	3.5e-08
KZV84454.1	unk	SesA	0.02
ORY18336.1	unk	HET	0.0098
ORY19072.1	unk	HET	0.052000000000000005
ORY59167.1	unk	PNP_UDP_1	0.040999999999999995
ORX96120.1	unk	HET	0.018000000000000002
ORY05487.1	unk	Goodbye	1.5e-09
ORY16324.1	unk	HET	0.14
OSS43475.1	unk	Ses_B	0.023
OSS43869.1	unk	HET	0.1
OSS45597.1	unk	Goodbye	3e-14
OSS48405.1	unk	PNP_UDP_1	0.024
OSS54189.1	unk	Goodbye	0.00021
OSD02247.1	unk	HeLo	0.11
ORY63953.1	unk	PNP_UDP_1	0.0001
ORY66127.1	unk	Ses_B	0.12
ORY67656.1	unk	PNP_UDP_1	4.4e-07
ORY67765.1	unk	PNP_UDP_1	1.3e-08
ORY67776.1	unk	PNP_UDP_1	1.3e-08
OSD00118.1	unk	Helo_like_N	0.86
OQE41042.1	unk	Ses_B	0.00016999999999999999
OQE46834.1	unk	Ses_B	0.0019
OQE60172.1	unk	Ses_B	0.1
OQE62786.1	unk	Ses_B	6e-06
OQE69716.1	unk	PNP_UDP_1	5.3e-05
OQE93192.1	unk	NACHT_sigma	0.16
OQE63144.1	unk	Goodbye	6.2e-20
OQE36867.1	unk	Patatin	1.4999999999999999e-05
OQE23813.1	unk	Ses_B	0.29
OQE24399.1	unk	Ses_B	0.00059
OQE25540.1	unk	NACHT_sigma	7.7
OQE26467.1	unk	Ses_B	0.022000000000000002
OQE26676.1	unk	PNP_UDP_1	2.3e-06
OQE27401.1	unk	Ses_B	0.0001
OQE28318.1	unk	Ses_B	0.0034
OQE28497.1	unk	PNP_UDP_1	8.499999999999999e-05
OQE31474.1	unk	Goodbye	1.1e-07
OQE34326.1	unk	Ses_B	0.006999999999999999
OQE34390.1	unk	Ses_B	0.00018
OQE34396.1	unk	Ses_B	0.00058
OQE36694.1	unk	Ses_B	0.0059
OQU98195.1	unk	PNP_UDP_1	6.900000000000001e-06
OQV00397.1	unk	PNP_UDP_1	6.4e-05
OQV00398.1	unk	PNP_UDP_1	6.4e-05
OQV03005.1	unk	Goodbye	1.1000000000000001e-20
OQV10796.1	unk	Goodbye	1.9000000000000003e-21
OQN98239.1	unk	HET-S	0.0051
OQN98337.1	unk	HET-S	0.062
OQO04880.1	unk	HET-S	0.084
OQO22265.1	unk	HET-S	0.087
PAV14795.1	unk	C2	0.2
OXN13928.1	unk	PNP_UDP_1	4.9e-07
OXN22397.1	unk	Ses_B	0.085
OXN26565.1	unk	PNP_UDP_1	0.00018
OXN28352.1	unk	PNP_UDP_1	5.8e-07
PAV17485.1	unk	C2	1.4000000000000001e-05
PAV17906.1	unk	C2	0.00055
PAV18331.1	unk	C2	0.0093
OXN04834.1	unk	PNP_UDP_1	0.00047000000000000004
OTA84169.1	unk	Goodbye	1.4e-13
OTA91885.1	unk	PNP_UDP_1	0.00016
OTA92751.1	unk	Goodbye	2.6e-23
OTA67103.1	unk	Goodbye	3.5e-14
OTA64151.1	unk	Ses_B	1.2e-05
OTA03559.1	unk	Goodbye	6.5e-09
OTA04241.1	unk	Goodbye	4.0999999999999996e-16
OTA64791.1	unk	PNP_UDP_1	6e-07
OTA57974.1	unk	Goodbye	4.299999999999999e-34
OTA60848.1	unk	HET-S	5.2
OTA61516.1	unk	PNP_UDP_1	0.00018999999999999998
OTA62308.1	unk	Goodbye	2.6e-23
OWW30621.1	unk	Goodbye	4.1e-15
OWW31742.1	unk	PNP_UDP_1	0.0001
OWW32591.1	unk	Ses_B	0.08
OWW33880.1	unk	HeLo	5.2000000000000004e-05
OWW33971.1	unk	Goodbye	1.2e-07
OWW34925.1	unk	PNP_UDP_1	0.011000000000000001
OWW35395.1	unk	PNP_UDP_1	4.6e-07
OWW38370.1	unk	Ses_B	0.0055
OWW30542.1	unk	Goodbye	1.3e-38
OWY42865.1	unk	Goodbye	4.7e-15
OWY47362.1	unk	Goodbye	4.5e-18
OWY47602.1	unk	Goodbye	4.5000000000000005e-13
OWY52936.1	unk	Goodbye	9.300000000000001e-08
OWW30263.1	unk	Goodbye	2.2e-24
OWW27652.1	unk	PNP_UDP_1	3.1e-06
OTB14588.1	unk	Goodbye	1.8e-23
OJD15619.1	unk	PNP_UDP_1	1.4e-06
OJD24480.1	unk	PNP_UDP_1	4.9000000000000005e-06
OJI81291.1	unk	Goodbye	2.6e-36
OJI86693.1	unk	Goodbye	3.9e-19
OJI95763.1	unk	Goodbye	1e-18
OJI99253.1	unk	HET-S	0.016
OIW27995.1	unk	Ses_B	0.046
OIW31750.1	unk	PNP_UDP_1	3.6e-07
OJJ52055.1	unk	PNP_UDP_1	7.3e-05
OJJ52423.1	unk	Goodbye	1.4999999999999999e-33
OJJ53645.1	unk	PNP_UDP_1	0.034
OJJ53750.1	unk	PNP_UDP_1	4.8e-07
OJJ56868.1	unk	PNP_UDP_1	7.9e-06
OJJ56906.1	unk	Goodbye	1.3000000000000001e-20
OJJ56933.1	unk	Goodbye	6.800000000000001e-18
OJJ63582.1	unk	PNP_UDP_1	0.0031
OJJ51876.1	unk	PNP_UDP_1	0.0095
OJJ71190.1	unk	Goodbye	8.199999999999998e-32
OJJ71800.1	unk	Goodbye	9.8e-08
OJJ73704.1	unk	PNP_UDP_1	4.7e-05
OJI99268.1	unk	PNP_UDP_1	0.0036
OJJ40823.1	unk	PNP_UDP_1	2.6e-07
OJI99683.1	unk	Goodbye	3.7e-36
OJJ03387.1	unk	Goodbye	5.999999999999999e-20
OJJ36091.1	unk	Goodbye	1.3000000000000002e-18
OJJ37903.1	unk	PNP_UDP_1	0.00058
OJJ39054.1	unk	Goodbye	3e-18
OJJ40176.1	unk	Ses_B	0.08800000000000001
OCL06526.1	unk	HET	0.03
OCL07598.1	unk	PNP_UDP_1	1.4e-11
OCL07734.1	unk	HET	0.016
OCL01962.1	unk	PNP_UDP_1	0.00013000000000000002
OCL03046.1	unk	PNP_UDP_1	1.8000000000000002e-12
OCL03816.1	unk	SesA	0.027000000000000003
OCL12400.1	unk	HeLo	0.048
ODM19028.1	unk	Goodbye	2.9e-20
ODM19089.1	unk	PNP_UDP_1	1.2e-06
ODM20645.1	unk	Goodbye	1.8e-21
OHW91055.1	unk	PNP_UDP_1	2.2e-07
OHW93509.1	unk	PNP_UDP_1	1.3e-07
OHW96158.1	unk	Goodbye	3.3e-30
OHW99504.1	unk	PNP_UDP_1	0.0068
OCL12963.1	unk	Ses_B	0.0072
OCT45310.1	unk	HET-S	0.0014
ODM15197.1	unk	PNP_UDP_1	0.0015
OQE21964.1	unk	Ses_B	0.0021
OQD69321.1	unk	Ses_B	0.00058
OQD70846.1	unk	Ses_B	0.004
OQD71965.1	unk	Ses_B	0.13
OQD74234.1	unk	Ses_B	8e-06
OQD78899.1	unk	Ses_B	0.1
OQD80678.1	unk	Ses_B	0.0036
OQD80699.1	unk	Ses_B	0.001
OQD86436.1	unk	PNP_UDP_1	0.00036
OQD86803.1	unk	PNP_UDP_1	4.9000000000000005e-06
OQD86920.1	unk	Ses_B	0.012
OQD78091.1	unk	Ses_B	0.0024
OPB44478.1	unk	PNP_UDP_1	5.9e-06
OQD67116.1	unk	Ses_B	0.1
OQD59911.1	unk	Ses_B	0.018000000000000002
OQD60534.1	unk	Ses_B	0.0023
OQD60825.1	unk	Ses_B	0.0014
OQD61690.1	unk	PNP_UDP_1	1.3e-07
OQD63020.1	unk	PNP_UDP_1	2.5e-05
OQE07888.1	unk	Ses_B	1.2
OQE08082.1	unk	Goodbye	0.005
OQE08995.1	unk	Ses_B	1.7e-05
OQE13301.1	unk	NACHT_sigma	0.00078
OQE13471.1	unk	Ses_B	0.00022
OQE15662.1	unk	Ses_B	0.0012
OQE16397.1	unk	Goodbye	3.2e-26
OQE16973.1	unk	Ses_B	0.21
OQE17351.1	unk	Goodbye	3.4999999999999996e-21
OQE18582.1	unk	Goodbye	1.9e-18
OQE13759.1	unk	Ses_B	0.071
OQD90284.1	unk	Ses_B	0.23
OQE01862.1	unk	Ses_B	0.2
OQD91874.1	unk	Ses_B	0.0049
OQD92511.1	unk	Ses_B	0.0004
OQD93370.1	unk	Ses_B	0.055
OQD94166.1	unk	Ses_B	0.039
OQD96363.1	unk	PNP_UDP_1	1.6e-05
OQD99022.1	unk	PNP_UDP_1	3.2e-06
OQD99672.1	unk	Patatin	1.1000000000000001e-10
OQE00994.1	unk	Ses_B	0.0002
OKP12980.1	unk	Ses_B	0.0006900000000000001
OKP13383.1	unk	Goodbye	4.0000000000000003e-29
OKP14759.1	unk	Ses_B	0.14
OLN91695.1	unk	Goodbye	2.0000000000000002e-29
OLN95506.1	unk	PNP_UDP_1	8.900000000000001e-10
OLN95527.1	unk	PNP_UDP_1	1.1e-09
OMP84402.1	unk	PNP_UDP_1	3.6e-07
OKP10630.1	unk	Ses_B	0.05
OKP09567.1	unk	Ses_B	0.012
OJZ86530.1	unk	Goodbye	1.7e-07
OJZ92406.1	unk	PNP_UDP_1	0.0003
OKO89730.1	unk	Ses_B	1.7
OKO90580.1	unk	Patatin	1.2e-05
OKO99861.1	unk	Helo_like_N	0.00078
OKP00976.1	unk	PNP_UDP_1	9.3e-06
OOQ88438.1	unk	Goodbye	3.7e-30
OOQ89516.1	unk	Ses_B	0.013999999999999999
OOQ89568.1	unk	Goodbye	5.899999999999999e-19
OPB35975.1	unk	PNP_UDP_1	7.499999999999999e-06
OOQ85866.1	unk	Ses_B	0.071
OPB37001.1	unk	PNP_UDP_1	0.0003
OPB37494.1	unk	PNP_UDP_1	0.0014
OPB40455.1	unk	Goodbye	9.999999999999999e-16
OPB41048.1	unk	NACHT_sigma	0.17
OPB36500.1	unk	PNP_UDP_1	0.0032
OOQ83622.1	unk	PNP_UDP_1	2.9e-07
OOF97977.1	unk	Goodbye	3.4e-34
OOO04690.1	unk	PNP_UDP_1	3.8e-06
OOO04882.1	unk	NACHT_N	4.8e-06
OOO12207.1	unk	PNP_UDP_1	1.4999999999999999e-05
OOO08613.1	unk	PNP_UDP_1	1.8e-07
OOO06968.1	unk	PNP_UDP_1	5.6e-07
OOO10316.1	unk	PNP_UDP_1	1.4e-06
RAQ55214.1	unk	PNP_UDP_1	1.4e-06
RAQ55707.1	unk	PNP_UDP_1	4e-07
XP_014173844.1	unk	Goodbye	1.3e-21
XP_014175858.1	unk	HeLo	0.017
XP_014540071.1	unk	PNP_UDP_1	3.4e-07
XP_013961540.1	unk	Peptidase_S10	0.33
XP_014074262.1	unk	Goodbye	0.24
XP_014077906.1	unk	PNP_UDP_1	1.2e-06
XP_015404926.1	unk	PNP_UDP_1	3.7e-05
XP_015406958.1	unk	PNP_UDP_1	1.3e-06
XP_015407425.1	unk	PNP_UDP_1	1.5e-06
XP_015408078.1	unk	PNP_UDP_1	8.8e-06
XP_015412027.1	unk	Goodbye	1.3e-09
XP_015700914.1	unk	PNP_UDP_1	0.024
XP_015702382.1	unk	Goodbye	0.0011
XP_016208178.1	unk	HET	0.0007
XP_016220691.1	unk	HET	0.15
XP_014540860.1	unk	PNP_UDP_1	1.1e-06
XP_014562464.1	unk	PNP_UDP_1	0.00065
XP_014542934.1	unk	PNP_UDP_1	1.5e-09
XP_014543097.1	unk	PNP_UDP_1	0.08800000000000001
XP_014543499.1	unk	PNP_UDP_1	2.8e-06
XP_014543613.1	unk	PNP_UDP_1	0.0082
XP_014548869.1	unk	PNP_UDP_1	3.8e-05
XP_014551147.1	unk	Goodbye	1.1e-12
XP_014551183.1	unk	HET	0.0026
XP_014558321.1	unk	PNP_UDP_1	1.1e-12
XP_013961153.1	unk	Goodbye	1.9999999999999998e-15
XP_013948430.1	unk	NACHT_N	0.11
XP_013948494.1	unk	PNP_UDP_1	7.1e-06
XP_013949014.1	unk	Goodbye	9.9e-14
XP_013950354.1	unk	PNP_UDP_1	2.6e-08
XP_013945503.1	unk	PNP_UDP_1	6.6e-05
XP_013952344.1	unk	PNP_UDP_1	1.1e-05
XP_013956442.1	unk	FSH1	0.021
XP_013959328.1	unk	PNP_UDP_1	3.6000000000000003e-06
XP_013954017.1	unk	Hydrolase_4	0.011000000000000001
XP_016232083.1	unk	Goodbye	2.5999999999999997e-11
XP_018041540.1	unk	Goodbye	3.9999999999999995e-15
XP_018043552.1	unk	HET	0.22
XP_018003447.1	unk	Goodbye	4.6e-22
XP_018035255.1	unk	Ses_B	0.17
XP_018035366.1	unk	Ses_B	0.026000000000000002
XP_018036557.1	unk	Goodbye	1.1999999999999999e-28
XP_018132261.1	unk	Goodbye	2.1000000000000002e-20
XP_018132973.1	unk	DUF676	0.016
XP_018136157.1	unk	PNP_UDP_1	0.032
XP_018136334.1	unk	NACHT_sigma	0.0013
XP_018137496.1	unk	PNP_UDP_1	1.2e-06
XP_018137875.1	unk	PNP_UDP_1	7e-05
XP_018138705.1	unk	PNP_UDP_1	8.9e-09
XP_018140679.1	unk	PNP_UDP_1	1.3e-06
XP_018144258.1	unk	PNP_UDP_1	0.069
XP_018144541.1	unk	PNP_UDP_1	0.00066
XP_018144664.1	unk	PNP_UDP_1	1.3e-06
XP_018131007.1	unk	Goodbye	3.0999999999999996e-11
XP_016642315.1	unk	Goodbye	1.1000000000000001e-16
XP_016254623.1	unk	Goodbye	5.5e-10
XP_016255967.1	unk	Ses_B	1.9e-05
XP_016257107.1	unk	PNP_UDP_1	0.081
XP_016252885.1	unk	PNP_UDP_1	5.3e-12
XP_016267931.1	unk	HET-S	0.0032
XP_016268996.1	unk	Goodbye	6.3e-12
XP_016586730.1	unk	HeLo	0.047
XP_016240961.1	unk	PNP_UDP_1	4.0999999999999997e-08
XP_016240984.1	unk	PNP_UDP_1	1.8e-11
XP_016241576.1	unk	PNP_UDP_1	0.085
XP_016248732.1	unk	PNP_UDP_1	2.2999999999999998e-08
XP_016250813.1	unk	Goodbye	3.7000000000000006e-14
XP_016251116.1	unk	Goodbye	3.5e-23
XP_016621342.1	unk	NACHT_N	0.39
XP_016638139.1	unk	PGAP1	0.023
XP_016639839.1	unk	PNP_UDP_1	1.3999999999999998e-10
XP_016640593.1	unk	Goodbye	2e-33
XP_016640843.1	unk	PNP_UDP_1	2.6e-06
XP_016593066.1	unk	Goodbye	0.044000000000000004
XP_016595576.1	unk	Ses_B	0.0023
XP_016596041.1	unk	PNP_UDP_1	4.1e-06
XP_016596106.1	unk	Ses_B	0.0005200000000000001
XP_016600526.1	unk	SesA	0.027999999999999997
XP_016602120.1	unk	Ses_B	6.3e-05
XP_016614762.1	unk	HET-S	0.0032
XP_016614571.1	unk	Patatin	0.031
XP_016615100.1	unk	Goodbye	2.7e-20
XP_008723980.1	unk	Goodbye	7.1e-15
XP_008730485.1	unk	HET-S	0.019
XP_009223685.1	unk	PNP_UDP_1	5.6000000000000006e-05
XP_009225138.1	unk	HET	0.061
XP_008093601.1	unk	PNP_UDP_1	0.0021
XP_008599121.1	unk	PNP_UDP_1	2.6e-06
XP_008600097.1	unk	HET	0.0091
XP_008602822.1	unk	PNP_UDP_1	0.0001
XP_008603015.1	unk	PNP_UDP_1	3.5e-07
XP_008603234.1	unk	PNP_UDP_1	0.00084
XP_008713843.1	unk	PNP_UDP_1	4.2999999999999995e-06
XP_009228193.1	unk	Ses_B	0.00022
XP_009262472.1	unk	Goodbye	3.7e-08
XP_009547986.1	unk	Goodbye	3.2e-17
XP_009548148.1	unk	Goodbye	6.4e-12
XP_009548760.1	unk	Peptidase_S10	0.09300000000000001
XP_009653755.1	unk	Patatin	1.2e-05
XP_009259788.1	unk	Goodbye	1.4000000000000002e-21
XP_009228702.1	unk	Ses_B	0.00035
XP_009229676.1	unk	PNP_UDP_1	4.9e-05
XP_009229677.1	unk	PNP_UDP_1	4.9e-05
XP_009229739.1	unk	Patatin	2.3e-05
XP_009255116.1	unk	PNP_UDP_1	4.1e-06
XP_009258537.1	unk	PNP_UDP_1	1.6e-08
XP_008090055.1	unk	PNP_UDP_1	5.9e-06
XP_008089972.1	unk	PNP_UDP_1	0.035
XP_007827178.1	unk	NACHT_sigma	0.0025
XP_007829293.1	unk	PNP_UDP_1	0.00014
XP_007831718.1	unk	Goodbye	7.6e-05
XP_007835118.1	unk	PNP_UDP_1	2.3e-07
XP_007835331.1	unk	PNP_UDP_1	0.0034
XP_007837369.1	unk	Ses_B	0.052000000000000005
XP_007838088.1	unk	PNP_UDP_1	4.2e-08
XP_007825849.2	unk	PNP_UDP_1	9.8e-07
XP_007817257.2	unk	PNP_UDP_1	2.4e-10
XP_007817571.2	unk	PNP_UDP_1	2e-05
XP_007824977.2	unk	PNP_UDP_1	0.00016999999999999999
XP_007825256.1	unk	PNP_UDP_1	0.01
XP_007825520.1	unk	PNP_UDP_1	0.01
XP_007839414.1	unk	PNP_UDP_1	0.0041
XP_008026393.1	unk	Goodbye	3.6e-09
XP_008075971.1	unk	Goodbye	1e-17
XP_008084851.1	unk	SesA	0.1
XP_007840446.1	unk	PNP_UDP_1	3.3e-07
XP_007865086.1	unk	C2	0.0029
XP_007921915.1	unk	PNP_UDP_1	2.3e-07
XP_007921545.1	unk	Goodbye	5.5e-11
XP_013272588.1	unk	Choline_kinase	0.28
XP_013272716.1	unk	PNP_UDP_1	0.0005099999999999999
XP_013277448.1	unk	PNP_UDP_1	1.6e-06
XP_013273951.1	unk	PNP_UDP_1	0.00027
XP_013270629.1	unk	HET	0.016
XP_013263765.1	unk	PNP_UDP_1	2.3e-07
XP_013266926.1	unk	SesA	0.025
XP_013268540.1	unk	Goodbye	8.4e-16
XP_013270181.1	unk	PNP_UDP_1	3.9e-06
XP_013259864.1	unk	PNP_UDP_1	2.4e-05
XP_013940245.1	unk	PNP_UDP_1	2e-06
XP_013940818.1	unk	Hydrolase_4	0.024
XP_013941295.1	unk	PNP_UDP_1	2.9e-07
XP_013941335.1	unk	PNP_UDP_1	0.0056
XP_013942382.1	unk	PNP_UDP_1	6.6e-06
XP_013280100.1	unk	Goodbye	5.8e-13
XP_013282347.1	unk	Goodbye	1.5999999999999998e-14
XP_013326382.1	unk	PNP_UDP_1	0.0064
XP_011125058.1	unk	PNP_UDP_1	7.7e-05
XP_011122927.1	unk	Goodbye	7.9e-31
XP_011126046.1	unk	PNP_UDP_1	0.00013000000000000002
XP_011126750.1	unk	PNP_UDP_1	3.8e-10
XP_011128164.1	unk	PNP_UDP_1	2.3e-06
XP_011126507.1	unk	PNP_UDP_1	2.4e-05
XP_011122686.1	unk	PNP_UDP_1	8.2e-06
XP_009857305.1	unk	NACHT_sigma	0.046
XP_010759926.1	unk	PNP_UDP_1	1.4999999999999999e-05
XP_011118109.1	unk	PNP_UDP_1	5.5e-11
XP_011120463.1	unk	PNP_UDP_1	1.4e-06
XP_011121738.1	unk	PNP_UDP_1	7.7e-07
XP_011122347.1	unk	PNP_UDP_1	5.599999999999999e-10
XP_011122440.1	unk	PNP_UDP_1	0.0089
XP_013255611.1	unk	PNP_UDP_1	4.7e-07
XP_013258205.1	unk	Patatin	0.019
XP_013258605.1	unk	PNP_UDP_1	0.17
XP_011320520.1	unk	PNP_UDP_1	0.087
XP_011320871.1	unk	PNP_UDP_1	4.9000000000000005e-06
XP_011321061.1	unk	PNP_UDP_1	8.7e-07
XP_011322315.1	unk	Goodbye	4.5e-23
XP_011410762.1	unk	PNP_UDP_1	1.4e-06
XP_011325984.1	unk	Goodbye	1.9e-06
XP_024766382.1	unk	PNP_UDP_1	0.27
XP_024760046.1	unk	DUF676	0.0023
XP_024748803.1	unk	PNP_UDP_1	0.2
XP_024748946.1	unk	Goodbye	4.2e-17
XP_024749479.1	unk	PNP_UDP_1	0.00018999999999999998
XP_024757852.1	unk	NACHT_sigma	0.00053
XP_024759749.1	unk	PNP_UDP_1	1.4e-07
XP_024758086.1	unk	PNP_UDP_1	1.7e-07
XP_024758183.1	unk	Say1_Mug180	0.26
XP_024758901.1	unk	PNP_UDP_1	1.4e-06
XP_024777793.1	unk	PNP_UDP_1	0.0086
XP_024778259.1	unk	PNP_UDP_1	0.17
XP_024778933.1	unk	PNP_UDP_1	0.026000000000000002
XP_024779027.1	unk	PNP_UDP_1	3.6e-07
XP_024779721.1	unk	PNP_UDP_1	7.5e-05
XP_025384155.1	unk	NACHT_sigma	0.015
XP_025386700.1	unk	Goodbye	1.3e-07
XP_024777044.1	unk	PNP_UDP_1	1.9e-05
XP_024769877.1	unk	Helo_like_N	0.022000000000000002
XP_024770336.1	unk	PNP_UDP_1	3.3e-06
XP_024770462.1	unk	Goodbye	7.200000000000001e-16
XP_024777195.1	unk	PNP_UDP_1	1.9e-07
XP_024773448.1	unk	Goodbye	1.2999999999999998e-19
XP_024774050.1	unk	PNP_UDP_1	0.15
XP_024775591.1	unk	PNP_UDP_1	0.00033999999999999997
XP_024748525.1	unk	PNP_UDP_1	1.6e-09
XP_024706904.1	unk	PNP_UDP_1	9.000000000000001e-07
XP_024707440.1	unk	PNP_UDP_1	0.00031
XP_024710480.1	unk	PNP_UDP_1	2.3e-06
XP_024706193.1	unk	PNP_UDP_1	2.6e-06
XP_024688696.1	unk	Goodbye	8.8e-15
XP_024689110.1	unk	PNP_UDP_1	1.7e-06
XP_024695184.1	unk	Goodbye	2.2000000000000003e-19
XP_024695580.1	unk	PNP_UDP_1	1.1000000000000001e-08
XP_024705090.1	unk	Goodbye	2.4e-21
XP_024700542.1	unk	PNP_UDP_1	0.00047000000000000004
XP_024701715.1	unk	PNP_UDP_1	1.1000000000000001e-10
XP_024704104.1	unk	Goodbye	8.699999999999999e-20
XP_024738044.1	unk	HET	8.3e-09
XP_024730455.1	unk	Patatin	7.1e-08
XP_024731249.1	unk	Ses_B	0.023
XP_025542256.1	unk	Goodbye	1.3e-13
XP_025542385.1	unk	PNP_UDP_1	0.00027
XP_025546994.1	unk	Ses_B	0.08
XP_025547010.1	unk	Ses_B	1e-05
XP_025548581.1	unk	Ses_B	0.00016999999999999999
XP_025553833.1	unk	Ses_B	0.0016
XP_025558313.1	unk	PNP_UDP_1	1.1e-06
XP_025537636.1	unk	Goodbye	7.199999999999999e-35
XP_025511758.1	unk	PNP_UDP_1	2.8000000000000003e-05
XP_025514259.1	unk	Goodbye	1.6e-07
XP_025514549.1	unk	Goodbye	2.6e-15
XP_025519886.1	unk	Goodbye	5.9e-17
XP_025522520.1	unk	PNP_UDP_1	8.6e-07
XP_025522575.1	unk	Ses_B	0.0021
XP_025525135.1	unk	Ses_B	0.071
XP_025530162.1	unk	Ses_B	0.0092
XP_025532741.1	unk	Ses_B	0.055
XP_659625.1	unk	Ses_B	0.00065
XP_660944.1	unk	PNP_UDP_1	0.01
XP_662213.1	unk	Goodbye	1.9e-20
XP_748801.1	unk	PNP_UDP_1	0.00014
XP_025566781.1	unk	PNP_UDP_1	6.7e-07
XP_025567511.1	unk	Goodbye	5.799999999999999e-37
XP_025576537.1	unk	Ses_B	0.04
XP_025583807.1	unk	Goodbye	1.9e-22
XP_025583911.1	unk	Patatin	0.00022999999999999998
XP_025584116.1	unk	PNP_UDP_1	0.018000000000000002
XP_025586900.1	unk	PNP_UDP_1	3e-06
XP_025507867.1	unk	Ses_B	0.0054
XP_025441778.1	unk	Ses_B	0.0011
XP_025442217.1	unk	PNP_UDP_1	5.0999999999999995e-06
XP_025444307.1	unk	SesA	0.16
XP_025446974.1	unk	Ses_B	7.8e-06
XP_025448259.1	unk	PNP_UDP_1	9.6e-08
XP_025448523.1	unk	PNP_UDP_1	2.8e-08
XP_025450198.1	unk	PNP_UDP_1	1.4000000000000001e-05
XP_025451651.1	unk	Ses_B	0.14
XP_025453940.1	unk	PNP_UDP_1	9.9e-06
XP_025456621.1	unk	PNP_UDP_1	0.00045999999999999996
XP_025457494.1	unk	Goodbye	4.1e-15
XP_025457589.1	unk	Goodbye	9.199999999999998e-41
XP_025389790.1	unk	Goodbye	2.7e-19
XP_025400571.1	unk	Goodbye	4e-34
XP_025428420.1	unk	Goodbye	5.799999999999999e-29
XP_025429748.1	unk	Ses_B	0.045
XP_025437150.1	unk	Ses_B	0.0015
XP_025438677.1	unk	Ses_B	0.0052
XP_025439059.1	unk	Ses_B	0.01
XP_025497713.1	unk	PNP_UDP_1	5.2e-06
XP_025501786.1	unk	PNP_UDP_1	1.7000000000000001e-09
XP_025502315.1	unk	Ses_B	0.08199999999999999
XP_025504990.1	unk	Goodbye	9.4e-25
XP_025505085.1	unk	Ses_B	7.699999999999999e-06
XP_025507593.1	unk	PNP_UDP_1	5.200000000000001e-10
XP_025487641.1	unk	PNP_UDP_1	4.6e-07
XP_025468251.1	unk	PNP_UDP_1	9.6e-06
XP_025469332.1	unk	PNP_UDP_1	5.9e-06
XP_025473009.1	unk	PNP_UDP_1	0.00042
XP_025474296.1	unk	PNP_UDP_1	0.003
XP_025486358.1	unk	PNP_UDP_1	1.3e-08
XP_025483144.1	unk	PNP_UDP_1	4.2e-05
XP_025481778.1	unk	Goodbye	5.799999999999999e-37
XP_025477312.1	unk	PNP_UDP_1	2.2e-05
XP_007806929.1	unk	PNP_UDP_1	1.9e-09
XP_018707619.1	unk	HET	0.0072
XP_018756249.1	unk	PNP_UDP_1	9.000000000000001e-07
XP_018761410.1	unk	SesA	0.037000000000000005
XP_018753686.1	unk	PNP_UDP_1	0.00011
XP_018761977.1	unk	PNP_UDP_1	0.2
XP_018665923.1	unk	PNP_UDP_1	2.2e-07
XP_018688527.1	unk	PNP_UDP_1	0.0011
XP_018690699.1	unk	HET-S	0.0021
XP_018690964.1	unk	PNP_UDP_1	5.6e-11
XP_018697139.1	unk	PNP_UDP_1	1.8000000000000001e-06
XP_018701175.1	unk	PNP_UDP_1	0.00057
XP_020125131.1	unk	Goodbye	7.5e-14
XP_020125294.1	unk	Goodbye	1.6000000000000002e-10
XP_020125884.1	unk	Goodbye	1.8e-08
XP_020126129.1	unk	PNP_UDP_1	5.7000000000000003e-11
XP_020128582.1	unk	Goodbye	6.8e-13
XP_020131262.1	unk	Goodbye	1.6e-15
XP_020135133.1	unk	Goodbye	2.6e-14
XP_020128487.1	unk	HeLo	7.499999999999999e-06
XP_020051121.1	unk	Ses_B	7.8e-06
XP_020051444.1	unk	Ses_B	0.0029
XP_020051960.1	unk	Goodbye	2.8e-29
XP_020053741.1	unk	Ses_B	0.00055
XP_020054824.1	unk	Ses_B	0.0097
XP_020054982.1	unk	PNP_UDP_1	9.4e-11
XP_020119276.1	unk	PNP_UDP_1	8.1e-08
XP_020058496.1	unk	Goodbye	5.7e-37
XP_020117398.1	unk	PNP_UDP_1	1e-05
XP_018665124.1	unk	PNP_UDP_1	1.2e-06
XP_018239202.1	unk	PNP_UDP_1	0.0017
XP_018239687.1	unk	Goodbye	3.5e-14
XP_018152537.1	unk	PNP_UDP_1	0.0007599999999999999
XP_018154148.1	unk	PNP_UDP_1	7.1e-06
XP_018158395.1	unk	NACHT_sigma	0.0001
XP_018159870.1	unk	NACHT_N	0.054000000000000006
XP_018163150.1	unk	PNP_UDP_1	2e-06
XP_018258107.1	unk	PNP_UDP_1	2.6e-06
XP_018381273.1	unk	Goodbye	4.7e-15
XP_018381840.1	unk	Goodbye	4.5e-18
XP_018388819.1	unk	Goodbye	9.199999999999999e-08
XP_018659882.1	unk	Hydrolase_4	0.00025
XP_018663788.1	unk	NACHT_sigma	0.00042
XP_018251394.1	unk	PNP_UDP_1	0.00014
XP_018251395.1	unk	PNP_UDP_1	0.00014
XP_018253984.1	unk	PNP_UDP_1	0.0004
XP_018256143.1	unk	PNP_UDP_1	0.013999999999999999
XP_022284252.1	unk	Helo_like_N	0.013999999999999999
XP_018255193.1	unk	HeLo	0.032
XP_018254964.1	unk	PNP_UDP_1	0.0025
XP_022284261.1	unk	PNP_UDP_1	9.4e-09
XP_022284660.1	unk	Ses_B	0.036000000000000004
XP_023627757.1	unk	PNP_UDP_1	1.6e-06
XP_024338778.1	unk	Goodbye	1.5e-15
XP_024338790.1	unk	Goodbye	7.7e-19
XP_024338791.1	unk	Goodbye	1e-16
XP_024338795.1	unk	Goodbye	4.6e-16
XP_024338796.1	unk	Goodbye	1e-10
XP_024341176.1	unk	Goodbye	4.1999999999999996e-09
XP_024404705.1	unk	NACHT_sigma	1.1
XP_023625477.1	unk	Goodbye	5.8e-20
XP_023622528.1	unk	PNP_UDP_1	0.034
XP_023432726.1	unk	Goodbye	5.700000000000001e-23
XP_023434699.1	unk	PNP_UDP_1	8.199999999999999e-08
XP_023437147.1	unk	PNP_UDP_1	4.0999999999999997e-08
XP_023454854.1	unk	Ses_B	0.0079
XP_023455404.1	unk	Goodbye	4.1000000000000003e-29
XP_023460443.1	unk	Goodbye	2.1000000000000002e-10
XP_023436337.1	unk	SesA	0.0017
XP_023431612.1	unk	SesA	0.018000000000000002
XP_024667568.1	unk	Goodbye	2.5e-15
XP_024670821.1	unk	Goodbye	5.8e-16
XP_024671597.1	unk	PNP_UDP_1	4.7e-06
XP_024673943.1	unk	PNP_UDP_1	2.1000000000000002e-06
XP_024674934.1	unk	Goodbye	9.4e-19
XP_024676143.1	unk	PNP_UDP_1	9.8e-05
XP_024676642.1	unk	PNP_UDP_1	0.001
XP_024678517.1	unk	PNP_UDP_1	2.6000000000000002e-05
XP_024680430.1	unk	Goodbye	8.399999999999999e-21
XP_024681426.1	unk	Goodbye	1.9e-27
XP_024682301.1	unk	PNP_UDP_1	1.8000000000000001e-06
XP_024682565.1	unk	PNP_UDP_1	3.9e-06
XP_024405051.1	unk	PNP_UDP_1	1.6e-06
XP_024405373.1	unk	PNP_UDP_1	0.00047999999999999996
XP_024405685.1	unk	PNP_UDP_1	0.0031
XP_024405841.1	unk	PNP_UDP_1	0.00011
XP_024405922.1	unk	PNP_UDP_1	2.5e-06
XP_024548124.1	unk	PNP_UDP_1	1.1e-05
XP_024406275.1	unk	PNP_UDP_1	1.7e-06
XP_024548062.1	unk	Ses_B	0.00062
XP_022402767.1	unk	PNP_UDP_1	6.7e-05
XP_022405505.1	unk	PNP_UDP_1	0.0031
XP_022475761.1	unk	Goodbye	6.4999999999999995e-28
XP_022476173.1	unk	Goodbye	3.6000000000000003e-16
XP_022482684.1	unk	Ses_B	0.044000000000000004
XP_022484006.1	unk	PNP_UDP_1	4.4e-09
XP_022484274.1	unk	Ses_B	0.019
XP_022484523.1	unk	Ses_B	9.8e-05
XP_022484620.1	unk	Ses_B	0.0005200000000000001
XP_022484713.1	unk	Goodbye	1.2e-12
XP_022484868.1	unk	Ses_B	0.004
XP_022485086.1	unk	Ses_B	0.00014
XP_022485183.1	unk	Goodbye	1.1e-37
XP_022485646.1	unk	PNP_UDP_1	3.2e-06
XP_022486408.1	unk	Patatin	1.2e-06
XP_022482188.1	unk	Ses_B	0.05
XP_022285001.1	unk	NACHT_sigma	0.0014
XP_022384653.1	unk	PNP_UDP_1	1.0000000000000001e-11
XP_022387799.1	unk	PNP_UDP_1	9.4e-06
XP_022388950.1	unk	PNP_UDP_1	1.9e-05
XP_022391083.1	unk	PNP_UDP_1	8e-08
XP_022392152.1	unk	Goodbye	5.2999999999999996e-20
XP_022393724.1	unk	PNP_UDP_1	0.0017
XP_022394808.1	unk	PNP_UDP_1	0.00027
XP_022395333.1	unk	Goodbye	8.4e-19
XP_022395378.1	unk	PNP_UDP_1	0.00055
XP_022392471.1	unk	PNP_UDP_1	1.4999999999999999e-05
XP_022490111.1	unk	Goodbye	2.3e-18
XP_022584549.1	unk	Goodbye	2.8e-19
XP_023091939.1	unk	PNP_UDP_1	0.27
XP_023093015.1	unk	NACHT_N	0.0008
XP_023427573.1	unk	CHAT	0.00045
XP_022490313.1	unk	Goodbye	7.2e-37
XP_022496773.1	unk	Goodbye	6.8e-13
XP_022579612.1	unk	PNP_UDP_1	2.3e-05
XP_022516204.1	unk	Goodbye	5.8e-13
KZP28430.1	unk	Peptidase_S10	0.057999999999999996
XP_001219544.1	unk	Patatin	0.00011999999999999999
XP_001221474.1	unk	Ses_B	6.900000000000001e-06
XP_001222966.1	unk	PNP_UDP_1	8e-06
XP_001223747.1	unk	PNP_UDP_1	0.076
XP_001224151.1	unk	PNP_UDP_1	0.54
XP_001224397.1	unk	PNP_UDP_1	8.1e-06
XP_001226473.1	unk	Ses_B	0.0032
SMY29175.1	unk	HET	0.063
SPB42951.1	unk	Ses_B	0.08
SPB44153.1	unk	PNP_UDP_1	8.499999999999999e-05
SPB46038.1	unk	PNP_UDP_1	4.6e-07
SPB47324.1	unk	Patatin	1.6e-05
SPB49162.1	unk	HeLo	5.2000000000000004e-05
SPB49251.1	unk	Goodbye	1.2e-07
SPB50379.1	unk	Goodbye	4.1e-15
SPB53433.1	unk	PNP_UDP_1	2.6e-06
XP_001210290.1	unk	PNP_UDP_1	1.8e-05
XP_001214195.1	unk	PNP_UDP_1	8e-10
XP_001395630.2	unk	PNP_UDP_1	4.6e-07
XP_001401693.2	unk	Goodbye	9.199999999999998e-41
XP_001401798.2	unk	Goodbye	4.1e-15
XP_001481522.1	unk	PNP_UDP_1	0.00043
XP_001538034.1	unk	PNP_UDP_1	0.064
XP_001548818.1	unk	SesA	0.063
XP_001395174.2	unk	Ses_B	0.14
XP_001791848.1	unk	HET	0.17
XP_001228461.1	unk	Ses_B	2.9999999999999997e-05
XP_001228928.1	unk	PNP_UDP_1	5e-06
XP_001241839.2	unk	Patatin	0.0049
XP_001258711.1	unk	PNP_UDP_1	6.3e-06
XP_001259221.1	unk	PNP_UDP_1	0.0022
XP_001259703.1	unk	PNP_UDP_1	1.7e-07
XP_001263664.1	unk	PNP_UDP_1	7.6e-06
XP_001275802.1	unk	Ses_B	0.057
SMR63822.1	unk	HET	0.14
SCV34360.1	unk	SesA	0.011000000000000001
SCV36402.1	unk	Goodbye	6.3e-23
SCV38670.1	unk	PNP_UDP_1	5.3e-08
SCV39843.1	unk	HET-S	0.00016999999999999999
SCV46999.1	unk	SesA	0.00098
SCV48648.1	unk	PNP_UDP_1	4.0999999999999997e-08
SCV53815.1	unk	PNP_UDP_1	2.8999999999999998e-06
SCO80981.1	unk	PNP_UDP_1	0.0016
SCO84448.1	unk	PNP_UDP_1	0.038
SCO84450.1	unk	PNP_UDP_1	1.3e-08
SCO86237.1	unk	Goodbye	9.199999999999999e-23
SCV30566.1	unk	PNP_UDP_1	2.8999999999999998e-06
SCO88963.1	unk	DUF676	0.022000000000000002
SCO91840.1	unk	PNP_UDP_1	3e-07
SLM39202.1	unk	PNP_UDP_1	1.1e-11
SMR50761.1	unk	Goodbye	4.400000000000001e-19
SMR59603.1	unk	SesA	0.67
SMQ53164.1	unk	SesA	2.0
SCV60981.1	unk	Goodbye	5.700000000000001e-23
SJL16168.1	unk	Helo_like_N	0.00047999999999999996
XP_001903526.1	unk	Goodbye	3.9e-08
XP_001905791.1	unk	PNP_UDP_1	0.03
XP_001907965.1	unk	Goodbye	1.2e-30
XP_001908802.1	unk	Patatin	9.2e-12
XP_001889262.1	unk	DUF2252	0.17
XP_001888293.1	unk	Helo_like_N	0.21
XP_001889151.1	unk	APH	0.29
XP_002149463.1	unk	Ses_B	0.0011
XP_002150100.1	unk	PNP_UDP_1	0.00067
XP_002150834.1	unk	PNP_UDP_1	2.5000000000000003e-12
XP_002152366.1	unk	PNP_UDP_1	0.001
XP_002152879.1	unk	PNP_UDP_1	1.1e-07
XP_002340131.1	unk	PNP_UDP_1	0.00018
XP_002147348.1	unk	PNP_UDP_1	2.5e-05
XP_002340708.1	unk	PNP_UDP_1	1.3e-08
XP_002341744.1	unk	PNP_UDP_1	5.2000000000000004e-05
XP_002342049.1	unk	Ses_B	7.2e-05
XP_002374699.1	unk	PNP_UDP_1	6e-07
XP_002147197.1	unk	PNP_UDP_1	6.7e-06
XP_002147192.1	unk	PNP_UDP_1	0.012
XP_001934095.1	unk	PNP_UDP_1	0.0018
XP_001936853.1	unk	HET	2.8999999999999998e-08
XP_001940373.1	unk	HET	1.3
XP_001940472.1	unk	PNP_UDP_1	3.5e-05
XP_001942232.1	unk	HET	0.00013000000000000002
XP_002144344.1	unk	PNP_UDP_1	1.2e-05
XP_001797138.1	unk	HET	0.12
XP_001798200.1	unk	Goodbye	4.7000000000000004e-30
XP_001819786.3	unk	PNP_UDP_1	7.6e-06
XP_001830002.2	unk	C2	0.00045
XP_001835095.2	unk	Helo_like_N	0.34
XP_001875763.1	unk	DUF1057	0.11
XP_001835457.2	unk	Helo_like_N	0.13
XP_001838036.1	unk	Peptidase_S15	0.023
RDB17108.1	unk	Goodbye	0.09
RDB17339.1	unk	C2	0.0026
RDB21595.1	unk	Goodbye	0.25
RDB21669.1	unk	Goodbye	0.18
RDB23760.1	unk	C2	0.00027
RDB23811.1	unk	C2	0.00085
RDA85708.1	unk	PNP_UDP_1	2.7e-07
RCI10206.1	unk	PNP_UDP_1	1.5e-06
RBR15471.1	unk	PNP_UDP_1	6.2e-06
RBR20099.1	unk	PNP_UDP_1	4.1e-06
RBR22367.1	unk	PNP_UDP_1	0.016
RDB27531.1	unk	HeLo	0.047
RDK42182.1	unk	Goodbye	4e-28
RDK42561.1	unk	Ses_B	0.0047
RDK42794.1	unk	PNP_UDP_1	8e-06
RDK44450.1	unk	Goodbye	9.199999999999999e-08
RDK47104.1	unk	Goodbye	4.1e-15
RDK47181.1	unk	Goodbye	8.9e-41
RDK47595.1	unk	DUF915	0.0002
RDL37652.1	unk	Ses_B	0.028999999999999998
RDB27717.1	unk	Goodbye	0.0035
RDB30283.1	unk	Goodbye	0.26
RDH14953.1	unk	Ses_B	0.08
RDH22932.1	unk	PNP_UDP_1	0.00045999999999999996
RDH29565.1	unk	PNP_UDP_1	1.3e-06
RDH34349.1	unk	Goodbye	9.9e-08
RDH34798.1	unk	PNP_UDP_1	3.4e-06
RDH35758.1	unk	Ses_B	0.0052
RDH38696.1	unk	PNP_UDP_1	0.00014
RDI86300.1	unk	Goodbye	7.2e-11
RDK38739.1	unk	Ses_B	3.1e-06
RBR11221.1	unk	Goodbye	6.6e-07
RAR01095.1	unk	Goodbye	1.2999999999999998e-19
RAR03309.1	unk	Goodbye	1.1999999999999999e-19
RAR06055.1	unk	Goodbye	1.5e-07
RAR07656.1	unk	PNP_UDP_1	3.4e-06
RAR09054.1	unk	PNP_UDP_1	2.9e-10
RBA10641.1	unk	CHAT	0.00064
RAR11371.1	unk	PNP_UDP_1	1.9e-10
RAQ56211.1	unk	SesA	0.18
RAQ57319.1	unk	PNP_UDP_1	3.2e-09
RAQ60858.1	unk	NACHT_N	0.00033
RAQ61682.1	unk	PNP_UDP_1	0.12
RAQ63751.1	unk	PNP_UDP_1	1.4e-06
RAQ65395.1	unk	PNP_UDP_1	2.1e-05
RAQ65716.1	unk	PNP_UDP_1	5.5e-07
RAQ81404.1	unk	PNP_UDP_1	2.1e-05
RBQ93081.1	unk	PNP_UDP_1	0.00011999999999999999
RBR01917.1	unk	Patatin	6.2e-05
RBR02206.1	unk	PNP_UDP_1	0.00011999999999999999
RBR02543.1	unk	PNP_UDP_1	0.063
RBA14915.1	unk	Patatin	0.0026
RBA22815.1	unk	PNP_UDP_1	0.0019
RBQ77546.1	unk	Patatin	4.4e-05
RDW58586.1	unk	SesA	6.7e-05
RFU78635.1	unk	PNP_UDP_1	4e-07
RFU79266.1	unk	PNP_UDP_1	2.9999999999999997e-05
RFU80736.1	unk	PNP_UDP_1	5.4e-07
RFU76226.1	unk	Ses_B	0.0007599999999999999
RFU30804.1	unk	PNP_UDP_1	1.3e-06
RFU32291.1	unk	HeLo	0.055999999999999994
RFU33903.1	unk	Goodbye	2.7e-16
RFU35726.1	unk	Goodbye	2.6e-16
RFU74301.1	unk	Goodbye	1.2e-16
RFU74716.1	unk	Goodbye	8.7e-09
SCN67795.1	unk	Goodbye	5.4e-23
SCO44983.1	unk	PNP_UDP_1	4.0999999999999997e-08
SCO57561.1	unk	PNP_UDP_1	4.0999999999999997e-08
SCO58446.1	unk	SesA	0.0017
SCO75794.1	unk	HET-S	0.013000000000000001
SCO78259.1	unk	Goodbye	3.5e-14
SCO78538.1	unk	Goodbye	6.1e-13
SCN79152.1	unk	SesA	0.036000000000000004
SCN82178.1	unk	Ses_B	0.0076
SCO06609.1	unk	PNP_UDP_1	4.0999999999999997e-08
SCO12049.1	unk	NACHT_sigma	0.00044
SCO23425.1	unk	Goodbye	5.700000000000001e-23
SCO26355.1	unk	SesA	0.00098
SCO34520.1	unk	CHAT	0.00045
SCO21642.1	unk	SesA	0.001
RFU27703.1	unk	PNP_UDP_1	1.9e-06
RDW70114.1	unk	HET	0.00011999999999999999
RDW71025.1	unk	Patatin	3.2e-06
RDW72310.1	unk	Goodbye	4e-18
RDW72727.1	unk	PNP_UDP_1	0.13
RDW68062.1	unk	Ses_B	0.23
RDW66837.1	unk	PNP_UDP_1	1.8000000000000001e-06
RDW59302.1	unk	PNP_UDP_1	0.0007099999999999999
RDW59843.1	unk	PNP_UDP_1	3.7e-09
RDW62198.1	unk	PNP_UDP_1	5.2e-07
RDW62503.1	unk	PNP_UDP_1	1.1e-05
RDW64443.1	unk	PNP_UDP_1	0.00056
RDW83469.1	unk	Patatin	1.6e-06
RDW84057.1	unk	HeLo	3.9e-07
RFN46273.1	unk	Patatin	9.8e-07
RFN46936.1	unk	PNP_UDP_1	4.3e-05
RFN48829.1	unk	PNP_UDP_1	9.2e-07
RDX53987.1	unk	Helo_like_N	0.063
RFN52963.1	unk	Goodbye	2.1e-08
RFU23756.1	unk	HeLo	0.036000000000000004
RFU25359.1	unk	HET	0.07
RFU26253.1	unk	PNP_UDP_1	4e-05
RFU26913.1	unk	HET	0.0019
RDX53984.1	unk	Helo_like_N	0.0062
RDX49662.1	unk	Helo_like_N	0.015
RDX49659.1	unk	Helo_like_N	0.067
RDW86941.1	unk	PNP_UDP_1	9.5e-11
RDW88419.1	unk	NACHT_sigma	0.11
RDX49106.1	unk	Helo_like_N	0.03
RDX41386.1	unk	Helo_like_N	0.19
RDX41066.1	unk	Helo_like_N	0.24
RDW95001.1	unk	NACHT_sigma	0.015
RDW93506.1	unk	PNP_UDP_1	1e-09
RDW92299.1	unk	PNP_UDP_1	6.499999999999999e-12
XP_002376137.1	unk	PNP_UDP_1	0.00025
XP_002376211.1	unk	SesA	0.18
XP_007381654.1	unk	Helo_like_N	0.23
XP_007384578.1	unk	C2	0.0028
XP_007388811.1	unk	DUF2048	0.19
XP_007389064.1	unk	Helo_like_N	0.018000000000000002
XP_007389652.1	unk	SesA	0.054000000000000006
XP_007401296.1	unk	SesA	0.049
XP_007681657.1	unk	Goodbye	7.399999999999999e-21
XP_007688234.1	unk	HET	0.17
XP_007399088.1	unk	Goodbye	0.098
XP_007389925.1	unk	LCAT	0.12
XP_007389928.1	unk	LCAT	0.19
XP_007399094.1	unk	Goodbye	0.33
XP_007391653.1	unk	Goodbye	0.43
XP_007802035.1	unk	PNP_UDP_1	1.3e-06
XP_007803045.1	unk	PNP_UDP_1	2.5e-05
XP_007803296.1	unk	Goodbye	0.23
XP_007803934.1	unk	PNP_UDP_1	0.0034
XP_007804399.1	unk	PNP_UDP_1	0.00029
XP_007787293.1	unk	Ses_B	0.0014
XP_007785311.1	unk	Ses_B	0.00021
XP_007785313.1	unk	Ses_B	7.900000000000001e-05
XP_007712666.1	unk	Goodbye	2.5000000000000002e-21
XP_007715183.1	unk	HET	0.0073
XP_007717396.1	unk	Goodbye	1e-12
XP_007717497.1	unk	Goodbye	1.1e-06
XP_007713449.1	unk	PNP_UDP_1	3.7e-13
XP_007693578.1	unk	Goodbye	5.099999999999999e-13
XP_007693875.1	unk	HET	0.013999999999999999
XP_007744433.1	unk	HET-S	0.0032
XP_007742118.1	unk	PNP_UDP_1	6.4e-06
XP_007754175.1	unk	Goodbye	1.1e-15
XP_007759512.1	unk	Goodbye	9.6e-15
XP_007726755.1	unk	Goodbye	3.9e-17
XP_007734207.1	unk	Goodbye	3.8e-17
XP_007739464.1	unk	Goodbye	3.3e-16
XP_007737829.1	unk	PNP_UDP_1	4.8e-10
XP_003343178.1	unk	PNP_UDP_1	4.5e-07
XP_003710235.1	unk	PNP_UDP_1	4.5e-07
XP_003237130.1	unk	NACHT_sigma	9.2e-05
XP_003045847.1	unk	PNP_UDP_1	4.7e-06
XP_003047067.1	unk	Goodbye	9.9e-14
XP_003047410.1	unk	Goodbye	5.2e-08
XP_003050587.1	unk	NACHT_sigma	0.12
XP_003169309.1	unk	HET-S	0.13
XP_003172362.1	unk	NACHT_sigma	4.9e-07
XP_003173691.1	unk	NACHT_sigma	0.0037
XP_003174663.1	unk	NACHT_sigma	3.8e-07
XP_003174788.1	unk	NACHT_sigma	0.00018999999999999998
XP_003841251.1	unk	HET	9.8e-05
XP_003852928.1	unk	Goodbye	3e-21
XP_003044557.1	unk	PNP_UDP_1	1e-05
XP_002486760.1	unk	PNP_UDP_1	6e-07
XP_002486905.1	unk	PNP_UDP_1	0.065
XP_002487604.1	unk	PNP_UDP_1	3.7000000000000006e-06
XP_002543271.1	unk	Goodbye	2.3e-15
XP_002544930.1	unk	Helo_like_N	0.0012
XP_002484443.1	unk	Goodbye	4.7000000000000006e-12
XP_002380831.1	unk	Goodbye	0.00078
XP_002381813.1	unk	NACHT_N	0.0032
XP_002382023.1	unk	PNP_UDP_1	3.8e-06
XP_002383929.1	unk	PNP_UDP_1	0.00062
XP_002484432.1	unk	PNP_UDP_1	0.00013000000000000002
XP_002561129.1	unk	Goodbye	5.2000000000000005e-20
XP_002561823.1	unk	Ses_B	0.07
XP_003022541.1	unk	Peptidase_S8	1.4e-06
XP_003030338.1	unk	Goodbye	7.1e-11
XP_003042127.1	unk	PNP_UDP_1	0.0032
XP_003018569.1	unk	NACHT_sigma	9.1e-05
XP_003015249.1	unk	NACHT_sigma	9.1e-05
XP_002846904.1	unk	NACHT_sigma	0.016
XP_002910750.1	unk	Helo_like_N	0.0014
XP_007269839.1	unk	Goodbye	0.00058
XP_007270035.1	unk	Goodbye	0.00042
XP_006968281.1	unk	PNP_UDP_1	7.8e-08
XP_006968774.1	unk	Goodbye	3.2e-15
XP_007303394.1	unk	C2	0.2
XP_007303396.1	unk	C2	0.23
XP_007307368.1	unk	Goodbye	1.7e-10
XP_007311440.1	unk	Goodbye	3.2e-07
XP_006692546.1	unk	PNP_UDP_1	0.32
EXU94874.1	unk	PNP_UDP_1	2e-05
EXU95517.1	unk	PNP_UDP_1	2.5e-07
EXU96952.1	unk	PNP_UDP_1	0.00018999999999999998
EXU97905.1	unk	PNP_UDP_1	1.5e-06
EXU99026.1	unk	PNP_UDP_1	4.9e-09
EXV03237.1	unk	Patatin	0.00013000000000000002
EYB21378.1	unk	CHAT	0.00082
EYB23231.1	unk	PNP_UDP_1	6.6e-07
EXM17644.1	unk	PNP_UDP_1	0.1
EXM24841.1	unk	Goodbye	3.5e-14
EXM33293.1	unk	PNP_UDP_1	0.0017
EZF39404.1	unk	NACHT_sigma	8.6e-05
EZF71241.1	unk	NACHT_sigma	9.2e-05
EZG03672.1	unk	NACHT_sigma	0.022000000000000002
GAA81932.1	unk	Goodbye	3.1e-14
EZF32162.1	unk	NACHT_sigma	0.00014
GAA90720.1	unk	PNP_UDP_1	1e-05
GAM33433.1	unk	PNP_UDP_1	0.00016999999999999999
EYB25331.1	unk	PNP_UDP_1	0.031
EYB32076.1	unk	Ses_B	0.026000000000000002
EYB32652.1	unk	Goodbye	4.5e-23
EYE91549.1	unk	Goodbye	8.1e-24
EYE96731.1	unk	PNP_UDP_1	0.075
EYE97125.1	unk	PNP_UDP_1	0.00039
EYE98157.1	unk	Goodbye	4.6e-21
EXL64855.1	unk	PNP_UDP_1	9.4e-07
EXL65105.1	unk	HET-S	0.19
EXL65394.1	unk	Goodbye	4.7e-13
EXL65494.1	unk	PNP_UDP_1	1.6e-07
EXL65535.1	unk	PNP_UDP_1	9.9e-05
EXL66950.1	unk	PNP_UDP_1	0.024
EXL67248.1	unk	PNP_UDP_1	3.4e-07
EXL67415.1	unk	PNP_UDP_1	7.9e-07
EXL47431.1	unk	PNP_UDP_1	0.0012
EXL56011.1	unk	Goodbye	3.5e-14
EXL58159.1	unk	PNP_UDP_1	2.1000000000000002e-06
EXL60707.1	unk	PNP_UDP_1	0.17
EXL69954.1	unk	Goodbye	3.5e-14
EXM07661.1	unk	CHAT	6.500000000000001e-05
EXM13263.1	unk	PNP_UDP_1	0.055
EXM13343.1	unk	PNP_UDP_1	2.1000000000000002e-06
EXM13459.1	unk	PNP_UDP_1	0.0004
EXM13854.1	unk	PNP_UDP_1	1.2e-06
EXM02096.1	unk	PNP_UDP_1	0.0011
EXL98765.1	unk	Goodbye	3.5e-14
EXL96085.1	unk	PNP_UDP_1	2.3e-07
GAM34994.1	unk	PNP_UDP_1	1.6e-07
GAW14182.1	unk	Goodbye	9.699999999999999e-22
GAW16986.1	unk	HET	1.3
GAW17998.1	unk	Ses_B	0.0024
GAW18341.1	unk	Goodbye	2e-13
GAT57309.1	unk	C2	0.00084
GAW25704.1	unk	Goodbye	1.3999999999999999e-18
GAO83048.1	unk	PNP_UDP_1	4.3e-07
GAO83612.1	unk	PNP_UDP_1	0.00016
GAO88040.1	unk	PNP_UDP_1	6.8e-07
GAP82873.1	unk	Goodbye	5.5e-22
GAP86407.2	unk	Helo_like_N	0.34
GAM41794.1	unk	PNP_UDP_1	4.2e-05
GAM41798.1	unk	PNP_UDP_1	1.2e-05
GAM42216.1	unk	PNP_UDP_1	2.1e-05
GAM42304.1	unk	Ses_B	0.0012
GAM42318.1	unk	PNP_UDP_1	8.900000000000001e-06
GAM43548.1	unk	PNP_UDP_1	0.011000000000000001
GAM84755.1	unk	Goodbye	3.7e-23
GAM42311.1	unk	Ses_B	0.00036
GAQ03731.1	unk	PNP_UDP_1	0.001
GAT51936.1	unk	Goodbye	0.71
GAQ09897.1	unk	Ses_B	0.00014
GAQ10567.1	unk	PNP_UDP_1	0.00084
GAQ11793.1	unk	PNP_UDP_1	5e-07
GAQ12334.1	unk	Goodbye	2.1e-29
GAQ34147.1	unk	Goodbye	3.5e-16
GAQ37686.1	unk	Goodbye	2.3e-35
GAQ41737.1	unk	PNP_UDP_1	6.5e-09
GAQ45309.1	unk	Pkinase	1.5e-06
GAT27009.1	unk	Goodbye	4.6e-17
GAT26800.1	unk	Goodbye	2.1e-18
GAT20833.1	unk	PNP_UDP_1	9.7e-07
GAT19282.1	unk	PNP_UDP_1	2.6e-06
EXL41476.1	unk	Goodbye	5.4e-13
EUC57781.1	unk	Patatin	6.7e-05
EUC57784.1	unk	Patatin	8.1e-05
EUC57788.1	unk	Patatin	2.5e-05
EWC48439.1	unk	Goodbye	5e-08
EWY80018.1	unk	PNP_UDP_1	0.0001
EWY80452.1	unk	DUF2048	0.19
EWC47917.1	unk	Goodbye	3.7e-16
EWY86092.1	unk	PNP_UDP_1	0.00016
EWY89954.1	unk	Goodbye	3.5e-14
EWY92150.1	unk	Goodbye	8.499999999999999e-13
EWY86091.1	unk	PNP_UDP_1	0.00016
EWC43627.1	unk	PNP_UDP_1	6e-06
EUC60476.1	unk	Pkinase_fungal	3.8e-61
EUC63122.1	unk	HeLo	0.19
ESK89390.1	unk	C2	0.00018999999999999998
ETR98095.1	unk	Goodbye	3.2e-15
ESZ94731.1	unk	PNP_UDP_1	7e-08
ESZ94337.1	unk	SesA	0.23
EWY97259.1	unk	PNP_UDP_1	0.022000000000000002
ESK96325.1	unk	C2	0.07200000000000001
EXF84400.1	unk	PNP_UDP_1	2.6e-07
EXK26022.1	unk	PNP_UDP_1	0.025
EXK33500.1	unk	Goodbye	5.1e-23
EXA43967.1	unk	PNP_UDP_1	0.0018
EXA44116.1	unk	Goodbye	3.5e-14
EXF73820.1	unk	Goodbye	3.1e-16
EXF74490.1	unk	PNP_UDP_1	0.0054
EXF75693.1	unk	SesA	0.35
EXF78839.1	unk	PNP_UDP_1	0.0022
EXF81421.1	unk	Goodbye	1e-27
EXK83425.1	unk	PNP_UDP_1	0.013000000000000001
EXK83426.1	unk	PNP_UDP_1	0.075
EXK87298.1	unk	PNP_UDP_1	0.27
EXK81371.1	unk	Goodbye	4.5000000000000004e-14
EXL39096.1	unk	PNP_UDP_1	4.3e-08
EXL39640.1	unk	PNP_UDP_1	0.0024
EXK36169.1	unk	PNP_UDP_1	6.3e-07
EXK49899.1	unk	Goodbye	5.099999999999999e-13
EXK76045.1	unk	HET-S	0.19
EXK76781.1	unk	PNP_UDP_1	0.0063
EWZ36547.1	unk	Goodbye	3.5e-14
EWZ40900.1	unk	PNP_UDP_1	0.031
EWZ77348.1	unk	PNP_UDP_1	1.6e-06
EWZ00419.1	unk	PNP_UDP_1	0.0011
EWZ28531.1	unk	PNP_UDP_1	2.7000000000000004e-06
EWZ28770.1	unk	Goodbye	3.3e-07
EWZ30352.1	unk	PNP_UDP_1	6.3e-05
EWZ28671.1	unk	HET-S	4.2e-05
EXA28792.1	unk	DUF676	0.028999999999999998
EXA29845.1	unk	PNP_UDP_1	0.0041
EXA31424.1	unk	PNP_UDP_1	5.7999999999999994e-05
EXA02014.1	unk	PNP_UDP_1	0.11
EWZ84465.1	unk	PNP_UDP_1	0.0048
EWZ84998.1	unk	PNP_UDP_1	4.1e-07
EWZ90790.1	unk	Goodbye	2.8999999999999996e-14
EWZ86348.1	unk	Goodbye	7.1e-07
KFA79996.1	unk	PNP_UDP_1	2e-06
KFA80931.1	unk	PNP_UDP_1	4.7e-06
KFA81273.1	unk	Ses_B	0.0037
KFA81552.1	unk	Ses_B	0.0052
KFG77469.1	unk	PNP_UDP_1	1.8e-05
KFG77485.1	unk	PNP_UDP_1	4.3e-07
KFG80441.1	unk	PNP_UDP_1	0.22
KFG83032.1	unk	PNP_UDP_1	0.0094
KFG84113.1	unk	PNP_UDP_1	0.00022999999999999998
KFG84245.1	unk	PNP_UDP_1	5.5e-06
KFG85735.1	unk	PNP_UDP_1	4e-05
KFA68372.1	unk	PNP_UDP_1	3.2e-05
KFA69763.1	unk	Ses_B	8e-05
KFA69802.1	unk	Goodbye	0.0056
KFA70563.1	unk	PNP_UDP_1	5.7999999999999995e-06
KFA70623.1	unk	Ses_B	0.0036
KFA78071.1	unk	PNP_UDP_1	0.0001
KFA78635.1	unk	Ses_B	0.0045
KFG86036.1	unk	PNP_UDP_1	0.055
KFX89144.1	unk	Goodbye	1.1e-22
KFX97230.1	unk	Helo_like_N	0.017
KFX99462.1	unk	Goodbye	2.3e-22
KFY02425.1	unk	Goodbye	5.8e-15
KFY10921.1	unk	PNP_UDP_1	2e-06
KFY11729.1	unk	Goodbye	9.9e-13
KFY16290.1	unk	Goodbye	1.8e-21
KFY18198.1	unk	PNP_UDP_1	4.4e-06
KFY18250.1	unk	Ses_B	0.42
KFY18912.1	unk	Goodbye	1.8e-21
KFY04526.1	unk	DUF676	0.026000000000000002
KFH40376.1	unk	Goodbye	8.499999999999999e-13
KFH48460.1	unk	Goodbye	2.7000000000000002e-12
KFX44630.1	unk	Helo_like_N	0.0034
KFX52257.1	unk	PNP_UDP_1	0.0019
KFX45409.1	unk	Ses_B	0.0011
KFX48934.1	unk	PNP_UDP_1	4.1e-06
KFX49690.1	unk	PNP_UDP_1	0.0008699999999999999
KFX51083.1	unk	PNP_UDP_1	0.0013
KFX45840.1	unk	PNP_UDP_1	2.4e-12
KFA61094.1	unk	SesA	0.083
KEQ57671.1	unk	PNP_UDP_1	0.00026000000000000003
KEQ57675.1	unk	PNP_UDP_1	0.00064
KEQ57738.1	unk	PNP_UDP_1	3.9e-06
KEP48144.1	unk	Pkinase_fungal	5.499999999999999e-62
KEY81847.1	unk	PNP_UDP_1	0.00045
KFA54113.1	unk	PNP_UDP_1	9.1e-05
KFA55659.1	unk	HET	2.2e-07
KFA55736.1	unk	PNP_UDP_1	0.00044
KFA56492.1	unk	PNP_UDP_1	3.1e-06
KEY75329.1	unk	PNP_UDP_1	4.2e-07
KEY75290.1	unk	Ses_B	0.0045
KEQ80695.1	unk	PNP_UDP_1	0.013999999999999999
KEQ83288.1	unk	PNP_UDP_1	2.3999999999999998e-11
KEY70103.1	unk	Ses_B	0.00025
KEY71372.1	unk	PNP_UDP_1	0.00011999999999999999
KEY71810.1	unk	PNP_UDP_1	9.7e-05
KEY75230.1	unk	HET	2.3e-07
KEY73950.1	unk	PNP_UDP_1	5.7e-07
KEY73924.1	unk	PNP_UDP_1	2.8e-06
KFY22128.1	unk	Goodbye	0.16
KGQ09421.1	unk	Goodbye	3.5e-29
KHN98862.1	unk	PNP_UDP_1	0.0013
KID61075.1	unk	PNP_UDP_1	0.055
KGQ08764.1	unk	PNP_UDP_1	0.0006900000000000001
KID64484.1	unk	PNP_UDP_1	4.3e-07
KID69235.1	unk	PNP_UDP_1	3.1e-05
KGO64718.1	unk	PNP_UDP_1	9.5e-07
KGQ08381.1	unk	PNP_UDP_1	7.1e-06
KGO71455.1	unk	PNP_UDP_1	0.00018999999999999998
KGO73285.1	unk	Goodbye	9.8e-11
KGO76027.1	unk	Patatin	1.1e-05
KGQ06267.1	unk	PNP_UDP_1	0.0061
KGQ06673.1	unk	PNP_UDP_1	0.14
KGO72105.1	unk	Ses_B	0.0023
KID96706.1	unk	PNP_UDP_1	0.0027
KID98429.1	unk	PNP_UDP_1	0.00011999999999999999
KIE01448.1	unk	PNP_UDP_1	0.0029
KIH90765.1	unk	HeLo	0.092
KID95895.1	unk	PNP_UDP_1	0.0064
KID85361.1	unk	PNP_UDP_1	2.2e-05
KID85857.1	unk	Helo_like_N	0.16
KID85954.1	unk	Ses_B	0.077
KID86739.1	unk	PNP_UDP_1	0.00013000000000000002
KID86963.1	unk	PNP_UDP_1	0.0013
KID89977.1	unk	PNP_UDP_1	0.068
KID94494.1	unk	PNP_UDP_1	8.400000000000001e-06
KGO47580.1	unk	PNP_UDP_1	0.0041
KFY73063.1	unk	DUF676	0.016
KFY77270.1	unk	Goodbye	1.5e-35
KFY68648.1	unk	Goodbye	2.6e-21
KFY79183.1	unk	Goodbye	3.0999999999999996e-11
KFY81151.1	unk	Goodbye	2.5e-20
KFY68311.1	unk	Goodbye	1.5e-10
KFY29319.1	unk	Goodbye	1.7e-21
KFY34139.1	unk	Goodbye	1.6e-12
KFY40762.1	unk	Goodbye	6.8e-22
KFY41721.1	unk	Goodbye	5.5e-22
KFY45244.1	unk	Goodbye	9.400000000000001e-28
KFY51544.1	unk	Goodbye	1.5e-35
KFY57414.1	unk	Goodbye	1.6e-22
KFY61173.1	unk	Goodbye	5.2e-21
KFZ19877.1	unk	Goodbye	3.2e-22
KFZ23908.1	unk	Goodbye	1.7e-21
KGO36008.1	unk	SesA	0.027999999999999997
KGO38422.1	unk	Ses_B	0.0023
KGO40777.1	unk	PNP_UDP_1	2e-05
KFY92489.1	unk	Goodbye	4.5e-22
KFZ10270.1	unk	Goodbye	3e-11
KFZ05421.1	unk	Goodbye	6.5e-39
KFY98363.1	unk	PNP_UDP_1	4.4e-07
KDQ54654.1	unk	C2	0.00047999999999999996
KDN61712.1	unk	PNP_UDP_1	0.00025
KDN63349.1	unk	PNP_UDP_1	0.00049
KDN45043.1	unk	Patatin	1.6e-05
KDQ11712.1	unk	Goodbye	0.024
KDQ14492.1	unk	Goodbye	0.019
KEP45884.1	unk	HeLo	0.15
ERS95853.1	unk	HeLo	0.12
CEL62938.1	unk	NACHT_N	3.4
CEL63559.1	unk	SesA	0.055999999999999994
CRK10105.1	unk	PNP_UDP_1	2.0999999999999998e-09
CRK20935.1	unk	Lipase3_N	0.13
CEN61882.1	unk	NACHT_sigma	0.0016
CEO59708.1	unk	Ses_B	0.00026000000000000003
CEO59716.1	unk	PNP_UDP_1	5.3e-08
CRG87386.1	unk	PNP_UDP_1	2e-06
CRG88498.1	unk	PNP_UDP_1	0.0038
CRG88699.1	unk	PNP_UDP_1	6.900000000000001e-06
CRG89233.1	unk	Ses_B	0.00015
CRG89769.1	unk	PNP_UDP_1	2.8000000000000003e-09
CRG89885.1	unk	PNP_UDP_1	0.00058
CRG92691.1	unk	PNP_UDP_1	8.1e-08
CEJ62576.1	unk	Ses_B	0.07400000000000001
CEJ62687.1	unk	Ses_B	0.054000000000000006
CEJ62717.1	unk	Ses_B	0.0007099999999999999
CEJ62843.1	unk	Ses_B	0.0011
CEJ80058.1	unk	PNP_UDP_1	0.00026000000000000003
CEJ82925.1	unk	PNP_UDP_1	4.8e-10
CEJ82926.1	unk	PNP_UDP_1	4.8e-10
CEJ82953.1	unk	PNP_UDP_1	2.3e-10
CEJ62554.1	unk	Ses_B	0.11
CEJ82954.1	unk	PNP_UDP_1	2.3e-10
CEJ87159.1	unk	HeLo	2.8000000000000003e-05
CEJ88496.1	unk	PNP_UDP_1	0.01
CEJ90691.1	unk	PNP_UDP_1	2.6e-06
CEJ90699.1	unk	PNP_UDP_1	0.01
CEJ91476.1	unk	PNP_UDP_1	5.0999999999999995e-06
CEJ62482.1	unk	Ses_B	5.1e-05
CEG03538.1	unk	PNP_UDP_1	0.00016999999999999999
CEG03614.1	unk	PNP_UDP_1	0.09
CEG05133.1	unk	Goodbye	1.6999999999999998e-12
CEJ58172.1	unk	Goodbye	3.1999999999999996e-30
CEJ58173.1	unk	Goodbye	1e-08
CEJ60880.1	unk	Ses_B	6.1
CEJ57454.1	unk	Ses_B	0.14
CEL10523.1	unk	PNP_UDP_1	1.8e-08
CEL11941.1	unk	PNP_UDP_1	0.0069
CEL09802.1	unk	PNP_UDP_1	1.1e-05
CEL01299.1	unk	PNP_UDP_1	5.5e-06
CEL01300.1	unk	PNP_UDP_1	0.00035
CEL02875.1	unk	Goodbye	6.799999999999999e-19
CEL03122.1	unk	PNP_UDP_1	3.1e-07
CEL09355.1	unk	PNP_UDP_1	1.1e-07
CEL04219.1	unk	HET-S	0.0058
CEL06478.1	unk	Goodbye	1.7e-16
CEL06481.1	unk	PNP_UDP_1	2.5e-05
CEL06890.1	unk	PNP_UDP_1	9e-05
CEL08493.1	unk	PNP_UDP_1	8.7e-07
CEL08543.1	unk	PNP_UDP_1	4.5e-07
CEL04886.1	unk	Patatin	1.3000000000000001e-05
CUA76638.1	unk	Patatin	0.0017
CUA76956.1	unk	Patatin	3.7e-05
CUA77370.1	unk	Patatin	7.9e-06
CUA75647.1	unk	Patatin	7.1e-07
CUA78442.1	unk	Pkinase_fungal	1.2999999999999998e-19
CUA68399.1	unk	Patatin	0.07
CUA66582.1	unk	Patatin	0.0046
CRL30769.1	unk	PNP_UDP_1	7.4e-08
CRL19521.1	unk	Ses_B	0.011000000000000001
CRL19854.1	unk	PNP_UDP_1	1.1e-06
CRL20532.1	unk	Ses_B	0.0037
CRL21329.1	unk	Ses_B	0.16
CRL24535.1	unk	Ses_B	0.013000000000000001
CRL26309.1	unk	PNP_UDP_1	2.3e-06
CRL27305.1	unk	Ses_B	4.9000000000000005e-06
CRL27355.1	unk	Ses_B	0.052000000000000005
CRL27575.1	unk	Ses_B	0.00047000000000000004
CRL29473.1	unk	PNP_UDP_1	7.3e-07
CRL29920.1	unk	PNP_UDP_1	2.2e-07
CUA73241.1	unk	Patatin	0.0042
CCA75485.1	unk	Fam20C	0.16
CCA75488.1	unk	Fam20C	0.073
CCA75611.1	unk	Helo_like_N	0.034
CCA75681.1	unk	Helo_like_N	0.0005200000000000001
CCA75861.1	unk	Patatin	2.2e-05
CCA75993.1	unk	Helo_like_N	0.043
CCA76115.1	unk	Fam20C	0.032
CCA76207.1	unk	Fam20C	0.081
CCA76249.1	unk	Goodbye	0.064
CCA73816.1	unk	Patatin	0.0042
CCA73885.1	unk	Fam20C	0.19
CCA73887.1	unk	Fam20C	0.05
CCA74052.1	unk	Patatin	0.027000000000000003
CCA74954.1	unk	Patatin	0.00033999999999999997
CCA75010.1	unk	Goodbye	0.2
CCA75243.2	unk	Fam20C	0.013999999999999999
CCA74394.1	unk	Helo_like_N	0.28
CCA77866.1	unk	Patatin	0.0016
CCA77880.1	unk	Patatin	0.0012
CCA77884.1	unk	Patatin	4.6e-05
CCA77942.1	unk	Helo_like_N	0.094
CCA77963.1	unk	Fam20C	0.013999999999999999
CCA78024.1	unk	Goodbye	0.047
CCA77078.1	unk	Helo_like_N	0.012
CCA76483.1	unk	Fam20C	0.24
CCA76532.1	unk	Helo_like_N	0.0048
CCA76542.1	unk	Helo_like_N	0.0081
CCA76579.1	unk	Fam20C	0.24
CCA76661.1	unk	Helo_like_N	0.0049
CCA76868.1	unk	Patatin	0.0022
CAK38591.1	unk	Goodbye	1.3999999999999997e-38
CAK45450.1	unk	PNP_UDP_1	7.8e-08
CAK46273.1	unk	PNP_UDP_1	4.6e-07
CAK47263.1	unk	PNP_UDP_1	4.1e-06
AIA58901.1	unk	PNP_UDP_1	1.2e-07
CAK96728.1	unk	PNP_UDP_1	0.00035
CCA71206.1	unk	DUF3141	0.0014
CCA71411.1	unk	Helo_like_N	0.14
CCA71423.1	unk	Fam20C	0.22
CCA72180.1	unk	Helo_like_N	0.0026
CCA71059.1	unk	Patatin	0.00023999999999999998
CCA72968.1	unk	Patatin	0.051
CCA73429.1	unk	Patatin	0.0081
CCA73484.1	unk	PHB_depo_C	0.39
CCA73509.1	unk	Patatin	3.3e-05
CCA73512.1	unk	Fam20C	0.063
CCA70732.1	unk	Helo_like_N	0.023
CCA70723.1	unk	Helo_like_N	0.06
CCA70722.1	unk	Helo_like_N	0.021
CCA66915.1	unk	Goodbye	0.013000000000000001
CCA66964.1	unk	Patatin	0.0011
CCA67313.1	unk	Patatin	2.7000000000000002e-05
CCA68402.1	unk	Patatin	4.4e-07
CCA68726.1	unk	Patatin	7.4e-09
CCA69184.1	unk	Patatin	0.00059
CCA70377.1	unk	Helo_like_N	0.099
CCA70376.1	unk	Helo_like_N	0.04
CCA69814.1	unk	Fam20C	0.011000000000000001
CCA69788.1	unk	Fam20C	0.28
CCA69756.1	unk	Patatin	0.019
CCD34122.1	unk	Ses_B	0.0009199999999999999
CCO36544.1	unk	Patatin	0.040999999999999995
CCO37034.1	unk	Patatin	0.18
CDO78295.1	unk	Goodbye	0.02
CDP28184.1	unk	PNP_UDP_1	0.034
CDO75279.1	unk	Goodbye	0.23
CEF76197.1	unk	PNP_UDP_1	4.9000000000000005e-06
CEF78209.1	unk	Goodbye	6.099999999999999e-23
CEF79547.1	unk	CHAT	0.00033
CEF79559.1	unk	PNP_UDP_1	8.7e-07
CEF86234.1	unk	Goodbye	1.4e-08
CDM29880.1	unk	PNP_UDP_1	7.5e-08
CDM31663.1	unk	PNP_UDP_1	4.2000000000000004e-06
CDM32769.1	unk	Ses_B	0.057
CDM36730.1	unk	PNP_UDP_1	0.0002
CDM37253.1	unk	Ses_B	0.0035
CDM37255.1	unk	Ses_B	0.00093
CDO69929.1	unk	Goodbye	0.0015
CDO72564.1	unk	Pkinase_fungal	4e-07
CCO29008.1	unk	Patatin	0.0033
CCD51210.1	unk	PNP_UDP_1	3.5e-07
CCF33526.1	unk	PNP_UDP_1	8.599999999999999e-06
CCF34362.1	unk	PNP_UDP_1	1.6e-06
CCF38037.1	unk	NACHT_sigma	0.0001
CCF39770.1	unk	PNP_UDP_1	6.4e-09
CCF41881.1	unk	PNP_UDP_1	2.6000000000000002e-05
CCF43601.1	unk	PNP_UDP_1	0.37
CCO33880.1	unk	NACHT_N	3.4
ELQ68890.1	unk	PNP_UDP_1	0.00011999999999999999
ELQ70105.1	unk	PNP_UDP_1	1.8000000000000001e-06
ELR01794.1	unk	Ses_B	0.12
ELA34023.1	unk	NACHT_sigma	7.000000000000001e-06
ELA34755.1	unk	PNP_UDP_1	1.5e-10
ELA36202.1	unk	PNP_UDP_1	3.0999999999999996e-11
ELA38438.1	unk	PNP_UDP_1	1.1e-06
ELQ33882.1	unk	HeLo	0.25
ELQ34175.1	unk	PNP_UDP_1	1.8000000000000001e-06
ELQ58741.1	unk	Goodbye	0.015
EMD36479.1	unk	Goodbye	0.038
EMD36490.1	unk	Goodbye	0.067
EMD31473.1	unk	SesA	0.068
EMD30754.1	unk	SesA	0.37
EMD30831.1	unk	Goodbye	0.12
EJD38996.1	unk	SesA	0.78
ELA26171.1	unk	PNP_UDP_1	6.9e-05
ELA26680.1	unk	PNP_UDP_1	7.099999999999999e-10
ELA28227.1	unk	Goodbye	1.2e-21
ELA28271.1	unk	PNP_UDP_1	2.7000000000000002e-05
ELA29779.1	unk	Goodbye	8.6e-28
ELA30984.1	unk	PNP_UDP_1	0.00016999999999999999
ELA32873.1	unk	Goodbye	4.6e-28
ELA24066.1	unk	NACHT_sigma	0.00037999999999999997
EKG11328.1	unk	Goodbye	0.15
EKG14407.1	unk	HeLo	2.5e-05
ELA23632.1	unk	PNP_UDP_1	6.4e-07
EPS29053.1	unk	Ses_B	0.11
EPS29057.1	unk	Ses_B	0.00053
EPS29815.1	unk	NACHT_sigma	0.027999999999999997
EPS31628.1	unk	PNP_UDP_1	1.8e-05
EPS32151.1	unk	Ses_B	4.7e-05
EPS34465.1	unk	Ses_B	0.0014
EPE08548.1	unk	HeLo	0.12
EPS36106.1	unk	PNP_UDP_1	2.9999999999999997e-05
EPS36659.1	unk	PNP_UDP_1	8.8e-07
EPS37521.1	unk	PNP_UDP_1	1.2e-06
EPS37531.1	unk	PNP_UDP_1	8.3e-05
EPS37718.1	unk	PNP_UDP_1	0.065
EPS38213.1	unk	PNP_UDP_1	0.0018
EPE07652.1	unk	HeLo	0.57
ENH75663.1	unk	Goodbye	1.1e-12
ENH76687.1	unk	PNP_UDP_1	4.1e-05
ENH81228.1	unk	Goodbye	2.7e-29
ENH83859.1	unk	Goodbye	9.4e-16
ENH83870.1	unk	PNP_UDP_1	0.0079
EQB49645.1	unk	Goodbye	1.0000000000000001e-21
EQB52061.1	unk	PNP_UDP_1	1.2999999999999999e-11
EQB52262.1	unk	Goodbye	1.1000000000000001e-16
EQB55388.1	unk	PNP_UDP_1	7.8e-08
EQB56566.1	unk	NACHT_sigma	8.8e-05
EQB57237.1	unk	Goodbye	2.3999999999999999e-32
EQL01645.1	unk	PNP_UDP_1	6.7e-06
EQB46701.1	unk	SesA	0.17
EPS40055.1	unk	PNP_UDP_1	3.7e-09
EPS40260.1	unk	PNP_UDP_1	1.5e-06
EPS41710.1	unk	PNP_UDP_1	5.5e-06
EPS42608.1	unk	PNP_UDP_1	7.8e-08
EPS42694.1	unk	PNP_UDP_1	0.052000000000000005
EPS44850.1	unk	PNP_UDP_1	4.8e-05
EPS45890.1	unk	PNP_UDP_1	1.7e-06
EQB43709.1	unk	NACHT_sigma	6.8e-06
EQB46359.1	unk	Goodbye	1.9e-28
EPS44771.1	unk	PNP_UDP_1	2e-06
ENH67760.1	unk	Goodbye	3.5e-14
EMD38758.1	unk	Helo_like_N	0.042
EMR62267.1	unk	Goodbye	4.3e-19
EMR65014.1	unk	PNP_UDP_1	5.7000000000000005e-06
EMD36687.1	unk	SesA	0.16
EMD37408.1	unk	Goodbye	2.5e-06
EMD37111.1	unk	HeLo	0.14
EMD36776.1	unk	APH	0.012
EMT74309.1	unk	PNP_UDP_1	3.7e-07
ENH66640.1	unk	PNP_UDP_1	0.039
ENH66910.1	unk	PNP_UDP_1	0.0007
ENH63515.1	unk	PNP_UDP_1	9.9e-08
EMT67328.1	unk	PNP_UDP_1	0.0014
EMR68002.1	unk	PNP_UDP_1	1.4e-06
EMR68021.1	unk	Goodbye	2.2e-29
EMR69556.1	unk	Goodbye	7.4e-24
EMR69905.1	unk	Goodbye	1.1e-14
EMR84639.1	unk	Ses_B	0.00062
EMR87690.1	unk	PNP_UDP_1	4.2000000000000004e-06
EMT66140.1	unk	PNP_UDP_1	0.00054
EMT63020.1	unk	Goodbye	3.5e-14
CZR46707.1	unk	PNP_UDP_1	3.3e-06
CZR48481.1	unk	CHAT	0.0015
CZR49568.1	unk	PNP_UDP_1	5.8e-13
CZR52361.1	unk	HeLo	0.012
CZR52799.1	unk	Ses_B	0.0068
CVL06007.1	unk	CHAT	0.0014
CZR40856.1	unk	PNP_UDP_1	6.3e-07
CZR41564.1	unk	PNP_UDP_1	0.0019
CVL13847.1	unk	CHAT	5.3e-05
CZR56768.1	unk	Goodbye	1.5e-09
CZR68764.1	unk	PNP_UDP_1	7.599999999999999e-08
CZR70083.1	unk	HET	0.002
CZS92446.1	unk	Ses_B	0.047
CZR62467.1	unk	HET	0.00027
CZR65063.1	unk	HeLo	0.079
CZR67325.1	unk	Patatin	2.7999999999999997e-14
CVK92137.1	unk	Goodbye	1.7e-22
CVK97670.1	unk	PNP_UDP_1	2.2000000000000002e-08
CVK98824.1	unk	CHAT	0.0017
CVL03350.1	unk	PNP_UDP_1	0.00016999999999999999
CVK85138.1	unk	PNP_UDP_1	1.4e-06
CZT00338.1	unk	HeLo	0.14
EGU73972.1	unk	PNP_UDP_1	6.6e-07
EGU74156.1	unk	HET-S	0.19
EGU74974.1	unk	PNP_UDP_1	0.024
EGU75910.1	unk	PNP_UDP_1	0.0011
EGU76072.1	unk	PNP_UDP_1	0.019
EGU73775.1	unk	Goodbye	3.5e-14
EGU72331.1	unk	Goodbye	4.7e-13
EGU71777.1	unk	PNP_UDP_1	1.6e-07
EIT79948.1	unk	PNP_UDP_1	9.5e-06
EIT83074.1	unk	NACHT_N	0.0032
EGU88223.1	unk	PNP_UDP_1	7.9e-07
EIT72410.1	unk	PNP_UDP_1	1.9e-07
EGZ76200.1	unk	NACHT_sigma	0.073
EHA20588.1	unk	Goodbye	5.7999999999999994e-33
EHA20661.1	unk	Goodbye	2.5e-15
EHA21352.1	unk	PNP_UDP_1	0.0005
EDP52187.1	unk	PNP_UDP_1	0.00043
CZT10392.1	unk	HeLo	0.092
CZT13585.1	unk	HET	0.013000000000000001
CZT49999.1	unk	HeLo	0.15
DAA77537.1	unk	NACHT_sigma	9.1e-05
EGC43321.1	unk	Goodbye	1.4e-19
EGD95927.1	unk	NACHT_sigma	0.00014
EGE01227.1	unk	NACHT_sigma	0.00014
EGE09424.1	unk	HeLo	3.9e-10
EED77596.1	unk	Goodbye	8.8e-11
EED80023.1	unk	Goodbye	1.5e-15
EED80033.1	unk	Goodbye	9.6e-18
EED80979.1	unk	Goodbye	1.3e-15
EEH08015.1	unk	PNP_UDP_1	1.2e-06
EFQ95254.1	unk	HET	0.033
EER39635.1	unk	Goodbye	1.9e-19
KLO11382.1	unk	Helo_like_N	0.081
KKZ60316.1	unk	PNP_UDP_1	0.003
KKZ65542.1	unk	PNP_UDP_1	1.5e-07
KKZ68821.1	unk	PNP_UDP_1	4.2e-07
KLJ13510.1	unk	PNP_UDP_1	3e-07
KLJ13644.1	unk	Goodbye	1.3999999999999998e-20
KLO90517.1	unk	SesA	0.0017
KLO92317.1	unk	CHAT	0.00095
KLO92474.1	unk	PNP_UDP_1	1.1e-05
KLO92863.1	unk	SesA	0.038
KLO93198.1	unk	PNP_UDP_1	0.0093
KLO94741.1	unk	Goodbye	5.799999999999999e-23
KLO97530.1	unk	Ses_B	0.0076
KLO80271.1	unk	PNP_UDP_1	2.7e-07
KKF93326.1	unk	Patatin	8.7e-06
KKF93514.1	unk	Patatin	2.2e-05
KKF93649.1	unk	Patatin	9.2e-09
KKF94495.1	unk	Patatin	0.02
KKF95579.1	unk	Patatin	0.0037
KKF96655.1	unk	Patatin	2e-05
KKF96924.1	unk	Patatin	1.2e-06
KKF97558.1	unk	Patatin	0.071
KKK13165.1	unk	PNP_UDP_1	1.9e-07
KKK20668.1	unk	PNP_UDP_1	1.9e-07
KKO97617.1	unk	PNP_UDP_1	7.4e-05
KKO97783.1	unk	PNP_UDP_1	0.0013
KKF92278.1	unk	Patatin	0.0025
KJK95155.1	unk	PNP_UDP_1	7.6e-06
KJX98415.1	unk	SesA	3.1
KJZ71091.1	unk	Patatin	0.00016999999999999999
KJZ71347.1	unk	Patatin	6.9e-05
KKF92089.1	unk	Patatin	1.9e-05
KKF92125.1	unk	Patatin	5.2000000000000004e-05
KJZ70025.1	unk	PNP_UDP_1	2.6e-08
KKP05822.1	unk	HeLo	0.34
KKP06489.1	unk	NACHT_sigma	2e-07
KKP06492.1	unk	PNP_UDP_1	4.4e-07
KKP07502.1	unk	Goodbye	6.4e-16
KKY16867.1	unk	PNP_UDP_1	1.6e-05
KKY27311.1	unk	Goodbye	5e-06
KKY32517.1	unk	Goodbye	2.7000000000000003e-18
KKO99139.1	unk	PNP_UDP_1	0.00011999999999999999
KKO99476.1	unk	PNP_UDP_1	7.000000000000001e-06
KKP01684.1	unk	Goodbye	1.1e-15
KKP01898.1	unk	PNP_UDP_1	0.27
KKP03349.1	unk	PNP_UDP_1	3.1e-06
KOS36448.1	unk	Ses_B	0.011000000000000001
KOS37386.1	unk	Ses_B	0.24
KOS37806.1	unk	Ses_B	0.0028
KOS39556.1	unk	Ses_B	0.0023
KOS36106.1	unk	Ses_B	0.021
KOS43788.1	unk	Ses_B	0.063
KOS44075.1	unk	Ses_B	0.1
KOS44516.1	unk	Ses_B	0.16
KOS46437.1	unk	PNP_UDP_1	4.9e-05
KOS47943.1	unk	PNP_UDP_1	1.2e-07
KPA36118.1	unk	PNP_UDP_1	0.0009400000000000001
KPA36758.1	unk	PNP_UDP_1	8.3e-06
KOS43996.1	unk	PNP_UDP_1	1.7e-06
KOC14556.1	unk	Goodbye	2.7e-19
KOC15629.1	unk	NACHT_N	4.5e-06
KPA38872.1	unk	PNP_UDP_1	0.31
KTB37373.1	unk	C2	0.00018999999999999998
KPA42255.1	unk	PNP_UDP_1	0.0041
KPM34453.1	unk	Goodbye	4.3e-08
KPM42215.1	unk	NACHT_sigma	0.073
KLP22361.1	unk	SesA	0.0013
KMK62754.1	unk	PNP_UDP_1	3.4e-05
KMK62759.1	unk	PNP_UDP_1	0.00086
KLP22159.1	unk	PNP_UDP_1	8.199999999999999e-08
KLP07626.1	unk	Goodbye	5.700000000000001e-23
KLP09500.1	unk	SesA	0.0017
KLP10572.1	unk	PNP_UDP_1	0.16
KLP16969.1	unk	SesA	0.018000000000000002
KLP19439.1	unk	Goodbye	5.700000000000001e-23
KNG46708.1	unk	Goodbye	2.3999999999999997e-19
KNG51777.1	unk	Goodbye	1.5e-07
KNG52804.1	unk	PNP_UDP_1	3.3e-06
KNZ76408.1	unk	Patatin	0.27
KNZ77062.1	unk	Patatin	1.8000000000000001e-06
KND91746.1	unk	PNP_UDP_1	3.9e-06
KJK94451.1	unk	PNP_UDP_1	9.9e-06
KND90467.1	unk	PNP_UDP_1	8e-05
KJK90209.1	unk	Helo_like_N	0.18
KJK86135.1	unk	PNP_UDP_1	0.001
KIO14164.1	unk	C2	0.00011999999999999999
KIO16073.1	unk	Helo_like_N	0.0077
KIO18779.1	unk	Helo_like_N	0.55
KIM83468.1	unk	C2	0.00086
KIM86959.1	unk	C2	0.002
KIM85014.1	unk	C2	0.0008900000000000001
KIN05075.1	unk	Goodbye	1.9e-12
KIN05290.1	unk	HET	1.1e-07
KIM93083.1	unk	Ses_B	0.19
KJA20950.1	unk	Esterase	0.09
KJK67589.1	unk	APH	0.33
KJK68282.1	unk	Goodbye	2.7999999999999997e-20
KJK73832.1	unk	PNP_UDP_1	1.9e-06
KJK74927.1	unk	NACHT_sigma	7.7e-05
KJK66420.1	unk	PNP_UDP_1	7.7e-05
KJK77040.1	unk	Helo_like_N	0.18
KJK77342.1	unk	PNP_UDP_1	1e-05
KJK78028.1	unk	PNP_UDP_1	5.9e-06
KJK78044.1	unk	PNP_UDP_1	2.9e-07
KJK78107.1	unk	PNP_UDP_1	2.1000000000000002e-06
KJK81271.1	unk	PNP_UDP_1	1.9e-09
KJK82516.1	unk	PNP_UDP_1	3.4e-05
KJK82687.1	unk	PNP_UDP_1	0.16
KJK82907.1	unk	PNP_UDP_1	7.6e-06
KJK77087.1	unk	PNP_UDP_1	2.5e-06
KJK63790.1	unk	NACHT_N	2e-05
KJJ29221.1	unk	PNP_UDP_1	1.4e-06
KJK63626.1	unk	PNP_UDP_1	0.013999999999999999
KIO30957.1	unk	Helo_like_N	0.083
KIV85921.1	unk	Goodbye	9.900000000000001e-11
KIW63179.1	unk	Goodbye	1.5999999999999998e-30
KIO27438.1	unk	Helo_like_N	0.08
KIW69810.1	unk	Goodbye	4.1e-15
KIW70019.1	unk	PNP_UDP_1	1e-06
KIW74015.1	unk	Goodbye	8.8e-09
KIY64875.1	unk	Goodbye	0.28
KZP07515.1	unk	Goodbye	0.057999999999999996
KZP07800.1	unk	Goodbye	0.15
KZP05452.1	unk	DUF915	0.13
KZP05496.1	unk	C2	0.099
KZP07016.1	unk	Peptidase_S10	0.11
KZP06629.1	unk	Goodbye	0.024
KZP04596.1	unk	C2	0.008
KZP08520.1	unk	SesA	0.046
KZP10792.1	unk	Peptidase_S10	0.23
KZP10797.1	unk	Peptidase_S10	1.4
KZP10801.1	unk	Peptidase_S10	0.031
KZP10814.1	unk	Peptidase_S10	0.0059
KZP10816.1	unk	Peptidase_S10	0.028999999999999998
KZP10818.1	unk	Peptidase_S10	0.023
KZP10819.1	unk	Peptidase_S10	0.011000000000000001
KZP11340.1	unk	C2	0.019
KZP08962.1	unk	Goodbye	0.03
KZP08977.1	unk	Goodbye	0.18
KZP08995.1	unk	Goodbye	0.021
KZP09422.1	unk	Peptidase_S10	0.25
KZP09438.1	unk	Peptidase_S10	0.04
KZP09449.1	unk	Peptidase_S10	0.25
KZP10166.1	unk	Goodbye	0.25
KZP04525.1	unk	Peptidase_S10	0.033
KZP04521.1	unk	Peptidase_S10	0.37
KZO90431.1	unk	SesA	0.00011
KZO90432.1	unk	Helo_like_N	0.027000000000000003
KZL87248.1	unk	PNP_UDP_1	5.3e-05
KZM25282.1	unk	Ses_B	0.12
KZN86428.1	unk	NACHT_sigma	0.29
KZN93925.1	unk	Goodbye	4.0000000000000004e-20
KZP03189.1	unk	Peptidase_S10	0.76
KZP03977.1	unk	Goodbye	0.067
KZO94120.1	unk	Lipase_2	0.43
KZP12248.1	unk	Peptidase_S10	0.043
KZP12249.1	unk	Peptidase_S10	0.92
KZP23038.1	unk	C2	0.0034
KZP23041.1	unk	C2	0.00037999999999999997
KZP23191.1	unk	C2	0.0055
KZP23194.1	unk	C2	0.00015
KZP22859.1	unk	C2	5.9999999999999995e-05
KZP23295.1	unk	Peptidase_S10	0.067
KZP24274.1	unk	C2	0.00011999999999999999
KZP24297.1	unk	Lipase_3	0.18
KZP24326.1	unk	C2	0.036000000000000004
KZP26893.1	unk	C2	0.024
KZP27134.1	unk	C2	0.001
KZP27143.1	unk	C2	0.00033999999999999997
KZP27184.1	unk	C2	0.0058
KZP27202.1	unk	C2	0.00049
KZP24308.1	unk	Lipase_3	0.052000000000000005
KZP14694.1	unk	Goodbye	0.3
KZP14714.1	unk	Goodbye	0.24
KZP15702.1	unk	C2	0.00074
KZP16034.1	unk	C2	0.035
KZP16044.1	unk	Lipase_3	0.024
KZP12267.1	unk	Peptidase_S10	0.49
KZP12282.1	unk	Peptidase_S10	0.085
KZP12284.1	unk	Peptidase_S10	2.8
KZP13290.1	unk	Peptidase_S10	0.015
KZP13299.1	unk	Peptidase_S10	0.0087
KZP13309.1	unk	Peptidase_S10	0.32
KZP18456.1	unk	Goodbye	0.078
KZP18962.1	unk	Goodbye	0.0032
KZP20230.1	unk	Peptidase_S10	0.2
KZP20231.1	unk	C2	0.23
KZP17833.1	unk	C2	0.1
KZP17827.1	unk	Goodbye	0.17
KZP17812.1	unk	C2	0.12
KZP17806.1	unk	C2	0.07
KXH66653.1	unk	Patatin	5.9e-06
KXH68840.1	unk	SesA	0.01
KXH68894.1	unk	PNP_UDP_1	3.4e-05
KXH62894.1	unk	Goodbye	2.0000000000000002e-24
KXH61054.1	unk	PNP_UDP_1	0.00014
KXH42978.1	unk	Goodbye	2.7e-24
KXH43881.1	unk	PNP_UDP_1	2.8e-07
KXH46440.1	unk	PNP_UDP_1	2e-05
KXH49167.1	unk	Goodbye	4.0999999999999996e-16
KXH50420.1	unk	PNP_UDP_1	0.0001
KXH50616.1	unk	PNP_UDP_1	0.0089
KXH50948.1	unk	Goodbye	2.7e-16
KXH51554.1	unk	PNP_UDP_1	3.4e-07
KXH53345.1	unk	Goodbye	2.6e-23
KXH40958.1	unk	PNP_UDP_1	0.24
KXJ85264.1	unk	Patatin	8.6e-07
KXJ97314.1	unk	Goodbye	8.399999999999999e-21
KXL50878.1	unk	HET	2.8e-06
KUL81410.1	unk	Ses_B	7.6e-05
KUL81568.1	unk	Goodbye	1.8e-09
KUL81610.1	unk	PNP_UDP_1	4.8e-06
KUL81795.1	unk	PNP_UDP_1	4.7e-06
KUL82361.1	unk	Goodbye	0.06
KUL83288.1	unk	PNP_UDP_1	2.5e-05
KUL83658.1	unk	PNP_UDP_1	0.00042
KUL83914.1	unk	DUF676	0.0006
KUL84896.1	unk	PNP_UDP_1	3.5e-08
KUL81504.1	unk	PNP_UDP_1	1.0000000000000001e-11
KTB44855.1	unk	C2	0.08
KUL85691.1	unk	PNP_UDP_1	2.6000000000000002e-12
KUL85707.1	unk	PNP_UDP_1	0.00016
KUL85866.1	unk	PNP_UDP_1	1e-07
KXG46843.1	unk	Ses_B	0.0012
KXH25630.1	unk	Goodbye	2.5999999999999998e-27
KXH34120.1	unk	PNP_UDP_1	0.00031
KXH35434.1	unk	NACHT_sigma	0.040999999999999995
KXG45629.1	unk	Ses_B	0.32
KUM55522.1	unk	PNP_UDP_1	0.34
KUM57952.1	unk	PNP_UDP_1	3.5e-07
KUM59500.1	unk	HeLo	0.00095
KUM66967.1	unk	Ses_B	0.00018999999999999998
KUM66101.1	unk	PNP_UDP_1	2e-05
KUM65315.1	unk	Ses_B	0.0096
KUM63401.1	unk	Goodbye	2.5e-34
KUM62312.1	unk	Ses_B	0.00016
KUM64737.1	unk	PNP_UDP_1	8.199999999999999e-08
KXX72946.1	unk	Ses_B	0.0011
KXX73585.1	unk	NACHT_sigma	1.9e-05
KXX74716.1	unk	NACHT_sigma	0.049
KXX76355.1	unk	Ses_B	0.0006799999999999999
KXX76648.1	unk	PNP_UDP_1	0.0034
KXX74513.1	unk	Ses_B	0.0006799999999999999
KXX79286.1	unk	HET-S	0.0015
KZL72992.1	unk	PNP_UDP_1	2.9e-07
KZL78138.1	unk	PNP_UDP_1	3.7e-05
KZL79495.1	unk	PNP_UDP_1	2e-07
KZL81486.1	unk	PNP_UDP_1	0.067
KZL84224.1	unk	PNP_UDP_1	0.00044
KZL85251.1	unk	Goodbye	3.3e-30
KZL85289.1	unk	PNP_UDP_1	0.00088
KZL71689.1	unk	PNP_UDP_1	1.3e-06
KYG42440.1	unk	HET	2.7000000000000004e-06
KYG44788.1	unk	PNP_UDP_1	0.0032
KZL65034.1	unk	PNP_UDP_1	1.2e-07
KZL67133.1	unk	Goodbye	3.7e-16
KZL70068.1	unk	PNP_UDP_1	2.6e-08
KXN90717.1	unk	NACHT_N	0.12
KIK26007.1	unk	C2	0.00014
KIK28158.1	unk	RIO1	0.14
KIK02441.1	unk	C2	0.05
KIK61040.1	unk	Goodbye	0.33
KIK57221.1	unk	SesA	0.5
KIK54701.1	unk	Goodbye	5.7e-09
KIJ49330.1	unk	Patatin	0.006
KIJ51634.1	unk	Fam20C	0.23
KIJ51905.1	unk	Helo_like_N	0.017
KIJ24818.1	unk	Helo_like_N	0.016
KIJ33960.1	unk	C2	0.02
KIJ36029.1	unk	C2	9.6e-05
KIJ27454.1	unk	Goodbye	0.062
KIJ27459.1	unk	Goodbye	0.21
KIJ27467.1	unk	Goodbye	0.17
KIJ29374.1	unk	Goodbye	0.021
KIJ97343.1	unk	C2	0.31
KIJ58845.1	unk	C2	0.00056
KIJ62410.1	unk	C2	0.15
KIJ63845.1	unk	DUF915	0.067
KIJ52229.1	unk	C2	0.028999999999999998
KIJ53551.1	unk	Helo_like_N	0.054000000000000006
KIJ92267.1	unk	APH	0.24
KIJ91544.1	unk	SesA	0.76
KIJ90727.1	unk	SesA	0.046
KIM29184.1	unk	Patatin	3.7e-08
KIM29976.1	unk	Patatin	7.1e-07
KIM30831.1	unk	Patatin	0.18
KIM31005.1	unk	Patatin	0.068
KIM28742.1	unk	Patatin	3.8e-05
KIM28212.1	unk	Patatin	0.063
KIM28745.1	unk	Patatin	1.3e-07
KIM28423.1	unk	Patatin	0.00014
KIM28425.1	unk	Patatin	0.0014
KIM32059.1	unk	Patatin	0.013999999999999999
KIM32135.1	unk	Patatin	6.8e-05
KIM32147.1	unk	Patatin	1.7000000000000001e-09
KIM32162.1	unk	Patatin	2.6000000000000002e-05
KIM32300.1	unk	Patatin	4.2e-05
KIM32684.1	unk	Patatin	0.33
KIM32685.1	unk	Patatin	7.1e-06
KIM27688.1	unk	Patatin	0.1
KIM23751.1	unk	Patatin	2.2e-07
KIM23882.1	unk	Patatin	8.6e-05
KIM23915.1	unk	Patatin	0.067
KIM23149.1	unk	Patatin	4.1e-06
KIM26699.1	unk	Fam20C	0.094
KIM27264.1	unk	Patatin	5.7e-07
KIM27311.1	unk	Patatin	2.5e-05
KIM27322.1	unk	Patatin	2e-07
KIM24403.1	unk	Patatin	1.4000000000000001e-05
KIM25291.1	unk	Patatin	1.8e-05
KIM24831.1	unk	Patatin	6.7e-12
KIM72482.1	unk	Peptidase_S10	0.61
KIM81892.1	unk	Goodbye	0.019
KIM64128.1	unk	C2	0.00036
KIM56435.1	unk	KIND	0.22
KIL58579.1	unk	Goodbye	3.3e-08
KIK81211.1	unk	C2	0.015
KIL92993.1	unk	PNP_UDP_1	0.00047999999999999996
KIM19886.1	unk	Patatin	0.019
KIL86192.1	unk	PNP_UDP_1	0.0011
KIL87438.1	unk	PNP_UDP_1	1.8e-07
KIL88188.1	unk	PNP_UDP_1	0.001
KIM21473.1	unk	Patatin	3.2e-06
KIM22236.1	unk	Patatin	0.00018
KIM21165.1	unk	Patatin	1.3e-08
